"order_id","quantity","item_id"
187,5,2257
187,4,2530
187,0,810
187,5,1107
187,7,1392
187,7,1980
187,7,2459
208,7,316
208,4,888
486,3,1109
486,2,803
486,3,1009
486,4,2459
486,2,447
526,4,2823
526,4,2404
526,3,2490
526,4,1108
529,6,816
529,0,46
529,0,236
529,5,210
690,5,1096
690,6,2823
690,6,1392
690,3,816
690,7,1864
690,6,1913
744,1,2894
744,4,2459
744,2,1980
744,4,1913
744,1,2530
865,2,1913
865,6,2459
865,4,2329
865,4,210
865,7,2894
865,5,2530
986,4,1108
986,1,1665
986,7,2953
986,3,1559
986,4,1096
383,5,79
383,5,388
383,1,55
421,5,513
421,4,1097
421,0,2101
511,3,513
511,4,1588
511,3,2193
511,4,641
527,0,350
527,3,208
527,1,307
736,5,2127
736,2,2904
736,1,1201
736,1,388
736,4,79
873,5,2676
999,1,513
1086,7,641
1086,4,2676
1086,0,49
1086,0,2572
1086,1,388
1086,1,350
1217,6,79
1217,5,513
1217,7,415
1217,6,1943
2907,1,641
2907,4,49
2907,6,1759
2907,4,2101
2907,0,1477
2907,2,668
2907,6,1134
24,7,2040
24,6,1305
49,0,2387
49,7,936
267,1,804
267,2,766
267,3,437
446,5,437
446,2,2422
446,4,2862
446,1,48
446,2,96
446,5,2188
459,7,1528
459,6,2801
459,0,48
459,3,2040
459,5,2862
459,6,2394
629,2,907
629,6,422
629,6,1669
629,0,794
629,0,2422
712,7,804
712,0,48
712,6,2725
712,7,96
712,3,801
924,4,96
924,5,936
924,3,2188
924,7,2046
924,1,2862
1147,3,907
1147,5,1647
1147,0,437
1147,5,766
1147,0,2422
1147,4,2862
1440,6,1305
1440,5,2188
1440,0,707
1440,0,2725
1440,5,801
1440,3,437
1491,4,2188
1491,1,2014
1491,6,830
1491,4,801
1491,0,599
1560,0,2394
1727,5,96
1727,2,830
1727,4,2394
1727,5,766
1727,3,2480
1727,6,2881
2073,2,1351
2073,2,599
2073,1,936
2073,6,252
9,3,2315
9,5,1125
88,5,1853
88,3,2002
88,2,1795
88,1,2315
88,4,1125
88,5,1972
260,6,990
260,2,632
362,1,1303
362,4,990
362,1,2002
362,2,632
362,5,442
564,0,1972
564,3,2496
564,4,918
564,6,1795
564,0,1911
564,6,2947
564,5,384
619,7,2946
619,7,2621
619,1,1019
619,5,334
748,2,551
748,5,1795
887,2,2372
887,2,2621
1339,0,2315
1339,0,1853
1339,4,912
1339,5,551
1703,2,384
2420,1,1035
2420,1,1544
2420,5,2063
2420,0,2946
2420,5,2315
2420,2,918
2,6,2477
2,6,686
2,7,2094
2,4,510
2,6,1611
254,2,1690
254,5,2738
279,7,686
279,2,769
279,1,2094
279,5,716
797,1,1287
797,1,2738
797,0,769
797,0,465
797,6,2506
980,4,1656
980,1,2094
980,0,2738
980,1,2078
980,2,2620
980,4,1272
980,7,446
1321,1,771
1321,5,1407
1321,0,1272
1321,3,2094
1321,0,1886
1407,1,2738
1407,7,1656
1407,4,337
1407,1,1611
1407,1,2078
1407,4,686
1626,6,1562
1626,0,2529
1626,2,494
1626,5,1732
1921,4,1780
52,4,2219
99,2,2489
99,1,228
99,5,1872
214,1,228
214,6,2488
214,4,2756
214,3,1301
214,2,1113
263,2,2488
263,7,2296
263,6,1113
263,1,2717
263,6,2773
408,2,2717
408,0,2489
408,2,2219
408,5,2773
768,2,2489
768,6,1325
768,3,1113
983,7,2489
983,1,1113
1020,2,228
1020,0,2488
1020,7,2219
1020,2,1826
1020,7,168
1108,7,2756
1108,3,168
1108,2,2488
1108,7,2773
2136,0,2756
2136,2,1826
2136,6,2489
2136,5,228
2136,5,1113
2910,7,168
2910,4,1872
2910,3,2123
2910,7,2296
2910,4,1826
2910,1,228
2910,2,2219
136,4,1375
136,0,2245
136,2,131
136,0,1233
136,4,239
136,4,561
365,5,1145
393,7,1745
393,7,835
393,5,1375
393,5,188
393,5,2113
393,0,2190
393,7,751
555,0,1027
555,7,751
555,7,2113
774,3,751
1233,3,2113
1233,1,517
1233,6,1180
1233,4,561
1233,2,1342
1233,2,608
1233,5,239
1421,0,6
1421,1,2190
1421,4,751
1421,2,1027
1421,2,1900
1421,1,561
1513,7,2595
1513,6,1233
1513,6,1027
1513,1,1900
1513,7,2245
2024,6,1745
2024,6,608
2024,2,751
2024,7,1145
2024,4,329
2412,5,188
2412,4,1027
1050,2,717
1050,0,444
1050,2,1491
1050,5,1999
1050,1,653
1720,3,717
1720,6,1361
1720,7,554
1720,4,653
298,2,721
298,4,2047
298,0,2151
327,5,1488
341,0,19
341,0,1374
341,7,1523
341,6,1482
341,1,2890
341,6,1318
341,7,271
1224,5,2047
1224,5,2858
1224,0,1005
1224,4,1251
1224,3,1206
1511,6,1414
1511,6,2858
1511,0,326
2825,4,264
249,1,93
249,2,699
249,6,2649
331,6,2649
331,7,507
331,1,1979
331,6,2708
331,7,1424
349,2,1239
349,4,2498
349,4,193
379,7,1424
379,2,2321
379,4,1181
379,5,2641
379,2,635
379,2,2453
379,2,2815
463,1,1979
463,7,2708
463,5,595
463,7,507
463,5,1339
463,1,1239
568,7,507
568,6,1424
568,3,2233
568,0,1239
568,6,1702
568,5,2453
587,4,2233
587,5,2649
1423,5,2649
1657,1,327
1657,7,2649
1657,2,595
1657,1,1702
1657,6,2321
1657,2,1506
2390,6,2233
2390,6,2649
5,0,1880
5,1,733
55,4,1174
55,6,617
55,6,840
69,3,1331
69,2,917
69,7,2452
69,3,2605
69,5,2849
69,2,617
309,0,2185
309,0,2709
309,1,2776
309,7,522
309,7,2371
309,6,1331
325,5,543
325,3,1880
563,7,2605
563,5,2776
563,3,2452
1167,1,917
1167,5,1997
1167,1,2973
1167,5,543
1822,6,917
1822,2,2371
1822,3,733
1822,5,1331
1822,5,2709
1822,7,1997
1822,2,212
2435,0,617
2435,3,883
2435,5,2452
2435,2,1006
2435,0,890
2435,7,1174
133,3,2907
133,7,1344
133,0,89
133,1,1570
133,6,113
133,7,2758
133,6,2295
274,6,2295
274,3,718
274,5,1373
274,1,2694
274,5,1498
274,6,2122
274,6,1246
412,2,1106
412,6,89
412,3,645
412,7,1344
412,3,938
790,6,196
790,5,201
790,3,1498
790,2,2907
1333,4,1498
1333,4,2907
1333,4,44
1333,7,714
1420,4,2275
1420,1,2061
1420,5,1106
1616,5,2275
1616,5,1568
1616,3,1522
1616,1,1674
2668,5,2122
2668,7,2191
137,4,2022
137,3,1388
211,3,2005
211,1,2650
211,1,2041
211,1,2726
211,4,1299
211,6,818
211,2,1535
336,7,2041
336,2,2022
336,5,1535
336,1,2726
336,2,104
346,1,1535
346,5,2658
346,7,2022
346,6,1299
583,7,1709
583,2,2041
583,7,2022
583,1,192
583,3,1388
583,6,1535
709,3,192
709,3,1709
709,5,1299
709,3,2022
714,3,584
714,1,192
714,0,2533
933,5,2968
933,1,602
933,0,183
933,6,1709
933,3,762
1181,2,424
1181,1,1302
1181,1,762
1181,4,2650
1181,2,2648
1265,5,2041
1265,2,1269
1729,2,818
1729,2,1269
1729,7,762
1729,6,2469
72,1,2686
72,4,787
72,2,795
72,6,1644
72,4,1811
72,0,2630
72,4,1592
234,1,972
234,1,1644
234,3,1774
234,6,2039
234,1,2760
323,2,1922
323,5,2558
614,7,1592
614,7,2686
1016,1,1644
1016,5,2760
1283,6,466
1283,0,2558
1283,2,1774
1294,6,171
2017,7,374
2017,0,2039
2017,7,1310
2017,6,787
80,2,489
80,0,2004
80,3,2206
80,0,1323
80,4,2668
171,0,654
171,7,2172
171,3,1489
519,3,2771
519,6,2753
519,0,2912
650,6,459
650,2,586
650,4,2059
650,3,2206
724,7,654
724,7,754
724,1,2848
724,7,478
724,6,1489
1920,4,497
1920,2,1489
1920,3,2912
1920,1,2206
1920,6,2668
1920,4,536
1920,0,478
2434,4,1493
2434,2,587
98,3,1476
654,3,2587
654,2,2763
654,0,1476
654,0,392
654,5,2660
654,6,1799
718,0,2957
718,5,2587
718,1,349
718,7,392
1250,0,2660
1250,4,1476
1250,4,2013
1250,7,2442
1385,0,2442
1385,0,2616
1385,3,42
1385,2,2763
1385,1,1079
2332,0,163
2381,2,294
135,1,292
152,6,2053
231,4,2748
397,0,692
397,4,2019
397,5,541
397,7,2313
450,4,692
450,7,521
450,6,2019
450,1,848
450,3,662
450,6,141
450,3,2053
588,4,970
588,3,141
625,3,692
1679,5,74
1679,2,970
1679,6,292
1679,5,98
1993,4,820
1993,1,541
1993,4,2249
1993,4,2334
1993,0,322
1993,1,521
2376,2,2337
2376,1,2748
2376,3,865
2376,2,2700
2376,4,292
2376,4,848
301,1,1654
301,7,2071
304,5,1552
304,1,1229
304,3,1320
304,6,1309
304,2,2899
381,6,782
381,3,933
662,1,984
662,1,1543
662,5,1654
662,5,2967
1240,0,782
1240,3,1309
1240,1,309
1240,6,2991
1240,0,1543
1240,3,1402
1987,1,1229
1987,0,2071
1987,1,21
1987,6,1320
1987,0,1552
1987,6,2837
2653,6,1229
2653,3,1552
2653,1,2626
2653,6,1053
2653,6,2899
2653,2,1654
288,1,2729
288,6,2740
288,3,2693
288,1,1787
606,1,770
606,7,2827
606,7,2740
606,5,310
606,5,1787
606,3,845
610,3,845
610,2,770
646,6,310
765,0,2095
765,0,2979
766,2,1977
766,3,845
766,2,2731
766,0,1787
766,6,2098
819,1,1825
819,5,310
819,1,2827
819,0,1241
819,1,1257
824,4,1026
824,4,310
824,2,2827
824,0,1977
824,2,1257
900,3,1352
900,7,2979
900,2,1987
2394,2,1144
2507,7,1241
2507,0,2841
2507,2,1977
104,7,838
104,0,2897
1323,6,1291
1323,4,1551
2781,7,814
2781,6,2408
2781,4,2399
2781,1,2144
2781,3,1417
2781,1,2283
2781,2,1420
75,0,1312
75,2,2872
75,1,1679
75,2,1729
75,2,100
79,4,2520
79,6,1471
79,2,2491
79,5,2986
79,0,1729
87,2,2826
87,2,238
87,4,2657
147,0,100
147,3,2571
422,5,2872
422,4,100
422,5,2571
422,6,2358
422,1,1471
422,6,959
422,0,1365
465,6,2736
465,2,2986
465,1,1794
465,3,2872
465,7,2546
465,7,1312
585,6,238
585,1,1365
585,2,1471
585,2,1729
585,2,2571
585,5,2986
585,7,959
719,6,100
719,4,2872
719,2,2736
719,2,1471
719,4,681
794,5,2520
794,7,2012
794,5,2986
1642,1,1471
1642,4,100
1642,0,959
1642,3,2358
1642,2,2520
1642,5,1729
1642,3,238
1756,0,1679
1819,7,100
1819,7,2657
1819,5,2358
1819,6,628
1819,2,2519
2140,3,2546
310,2,2416
310,2,1386
310,4,1077
310,6,570
310,4,1863
416,5,726
416,6,1863
580,5,1550
580,0,1133
580,7,1077
580,5,1228
580,3,1250
580,0,2863
622,7,1250
622,0,2126
622,2,726
622,6,1863
622,0,483
622,3,1228
2906,3,1386
2906,3,1752
2906,7,483
2906,4,160
29,0,1284
47,2,1946
47,5,2033
47,7,529
47,4,597
47,7,744
47,5,2017
97,2,2033
97,0,1755
97,4,2699
105,6,1545
105,3,1641
105,0,2471
105,4,1760
105,0,2033
105,5,1284
195,5,2017
195,6,2880
195,2,1545
386,3,621
386,4,2471
386,3,1545
386,2,2017
386,0,1641
386,4,1284
386,0,1605
475,4,621
475,0,1641
694,1,1641
694,3,2896
912,1,2880
1236,3,2259
1236,0,1545
2845,6,2259
2845,6,1874
2845,3,222
2845,7,2743
354,4,2044
354,2,1990
759,4,1525
759,7,2044
889,5,1324
889,5,2879
889,7,2044
1149,0,831
1149,5,1990
1149,3,2552
1149,1,2339
1149,6,1841
2115,3,2339
2115,6,2577
2115,0,1683
28,0,2998
28,7,1813
28,4,1897
28,1,467
28,3,2441
28,1,37
107,2,1784
107,1,325
107,5,1728
140,4,1072
256,0,1813
256,3,892
266,2,232
266,1,680
266,1,594
342,6,1083
439,1,2998
439,3,1784
439,5,1081
439,5,1358
439,2,676
439,1,892
466,1,892
611,5,2561
611,1,2551
645,2,2441
645,5,2309
751,4,1784
751,1,1897
2594,0,1784
2594,0,1300
2594,0,232
2963,2,2384
2963,2,2551
2963,5,2998
2963,6,1100
2963,3,2317
2963,3,898
2963,1,1824
160,0,893
160,5,1536
241,6,305
241,7,2589
241,4,308
241,2,1536
598,6,1742
598,1,893
598,5,2589
598,4,1505
598,3,901
598,5,1012
653,0,893
653,5,2589
653,5,2983
800,0,559
800,2,308
800,2,2066
800,2,1505
800,7,1526
884,6,2987
884,2,428
884,0,308
1015,3,1742
1015,4,854
1015,6,893
1047,6,664
1047,0,901
1047,5,1847
1047,2,2987
1047,0,1069
1137,0,308
1137,4,2066
1137,0,997
1177,1,1916
1177,5,428
1177,7,1742
1177,7,997
1177,3,901
1432,7,2589
1432,3,908
236,0,224
236,4,1776
237,7,547
237,1,700
237,7,2463
237,1,1776
237,0,2954
237,0,2665
287,3,2634
287,3,547
287,1,2865
287,7,247
287,4,2665
287,5,1888
334,6,1071
377,2,2934
377,3,1502
855,5,2463
855,3,1391
1127,1,2232
1127,4,217
1127,1,2174
1127,0,1935
1127,1,2954
1127,1,2625
67,3,523
67,1,1118
67,4,2200
67,7,2290
67,2,2832
225,2,249
472,5,1615
472,0,523
472,7,2450
472,5,1890
472,1,249
472,3,1405
472,5,2724
959,6,249
959,2,2857
959,4,738
959,4,2037
959,7,1615
90,0,663
90,1,2150
90,0,2795
257,2,2908
257,7,776
257,6,942
257,2,1533
257,5,1538
257,7,2980
257,5,2278
1351,4,2980
1351,5,2150
1351,3,403
1705,7,102
1731,3,102
1731,6,2689
1731,6,2980
1731,5,2278
1731,2,1215
127,1,2734
127,6,2925
127,7,1137
144,1,435
144,0,1598
144,7,2286
144,6,2138
144,6,1137
270,3,101
270,4,863
270,2,2184
270,5,2209
443,1,297
443,1,1936
443,1,2132
443,7,2769
443,5,1137
473,7,1936
473,2,2925
473,0,1063
494,3,2734
494,4,1869
494,3,540
565,7,2754
565,4,2138
565,1,1598
565,7,2734
684,0,1850
684,6,2925
684,1,297
684,7,2921
684,4,1063
921,7,540
979,2,2822
979,2,2769
979,7,134
979,4,433
979,6,145
979,0,2782
1709,3,540
1709,6,1290
1709,0,1598
1927,1,2769
1927,2,134
1927,3,1137
1927,1,101
1927,6,540
1965,3,1598
1965,4,2921
1965,7,2209
1965,6,540
1965,2,2286
18,4,1931
18,1,1622
18,4,2612
18,4,1155
18,7,1103
39,5,123
39,6,1931
39,6,1442
39,7,2745
39,3,1103
146,4,1103
146,1,123
146,6,1995
146,2,2468
146,5,2612
242,1,1182
242,0,1622
1043,7,1455
1109,6,2936
1109,5,729
1109,0,11
1109,0,80
1131,4,1687
1131,2,891
1131,7,2995
1131,0,2211
1131,5,2351
1131,0,2852
1467,5,1814
1467,3,1149
1467,6,1687
1467,4,1628
1467,5,2936
1741,5,80
1741,5,780
1741,7,1149
1741,6,1984
1741,3,2446
1954,1,2582
1954,2,729
1954,1,2936
1954,4,1915
112,3,1183
112,7,619
112,6,1199
112,0,1685
112,5,380
116,7,1859
116,3,1089
116,3,1199
116,3,1453
116,6,380
116,7,2569
125,7,380
370,2,1914
370,3,1685
370,2,1163
702,4,1859
702,5,910
1474,5,1686
1474,7,2814
1786,2,826
1786,1,2569
1786,7,1453
1882,0,1686
148,2,1682
278,0,539
278,1,1217
278,5,1682
278,1,822
278,4,2503
278,4,399
789,3,1022
1130,0,1032
1130,1,2503
1130,5,240
1176,1,1169
1515,0,1169
156,6,1590
156,4,2942
156,0,200
156,3,1127
156,7,2440
156,2,181
156,3,451
176,2,1481
176,5,200
176,5,2851
176,1,2269
239,3,1127
239,5,520
239,2,2269
239,1,181
239,5,289
239,4,451
369,2,200
369,3,2149
369,1,289
369,6,451
369,1,438
554,1,1481
554,5,1230
554,7,2942
597,6,200
597,7,2440
597,4,2942
827,2,625
827,4,451
827,7,2149
827,5,1899
827,7,2269
976,5,2698
976,5,1590
997,6,2269
997,0,1899
997,3,625
997,0,2851
997,0,1127
997,7,200
997,0,520
1006,3,520
1006,4,2269
1006,5,1927
1006,0,451
1342,0,2942
1342,6,2698
2246,0,1481
2246,7,200
2246,1,1956
2246,1,2149
2246,0,1127
2246,7,2269
483,0,207
483,0,2749
3,4,537
3,2,2331
3,6,1401
3,7,1033
3,7,2941
20,2,1512
20,3,2502
20,0,2618
20,4,2798
20,3,2175
20,2,2349
56,3,2331
56,7,735
56,0,2560
56,1,2482
56,4,412
56,7,270
162,7,162
162,0,43
162,3,2349
162,0,2234
219,1,2068
496,1,697
496,0,1754
496,1,1332
496,4,162
496,6,1033
576,0,2349
742,0,1754
742,5,2175
907,1,2068
907,4,2560
907,5,43
907,6,2798
907,5,60
907,4,697
963,7,2941
963,4,537
963,7,133
963,6,43
963,6,735
963,3,2234
1036,1,1401
1112,7,1210
1112,0,2941
1112,2,43
1112,1,735
1112,0,148
1398,1,43
1398,2,2941
1398,1,1195
1398,1,2112
1739,2,537
1739,1,2560
1990,3,1195
1990,2,1332
1990,0,43
1990,2,60
1990,7,2941
1990,2,412
2067,2,1483
2067,2,2502
2067,4,537
2067,3,270
2666,4,1512
2666,1,1401
2666,2,270
2666,1,1758
2666,3,683
120,2,592
120,3,2629
392,4,1249
392,3,519
392,4,1836
392,4,2840
731,2,784
731,7,2742
731,0,1249
731,7,372
991,3,1578
991,7,152
991,1,1249
991,3,372
991,2,546
991,2,519
1184,1,2169
1184,4,2840
1184,4,1231
1184,7,1274
1184,7,1578
1304,1,1101
1304,6,1996
1409,5,2169
1409,4,867
1409,2,372
1409,2,2629
1409,7,552
1593,6,152
1593,2,552
1593,3,372
48,1,221
48,4,2396
48,7,580
48,5,1372
48,4,2360
48,3,2110
917,7,937
1078,6,61
1078,4,2187
7,1,30
7,3,2562
7,1,1294
158,4,1171
158,6,926
286,7,1294
286,6,2423
286,0,2486
468,1,926
468,2,1126
468,7,2730
468,4,661
468,7,1828
468,7,902
569,0,1428
569,5,671
658,4,884
658,6,2454
658,1,880
1126,4,2454
1126,3,1428
1126,1,2562
1305,5,1971
1305,5,884
1305,7,1486
1305,7,1428
1493,7,1645
1493,1,1171
1493,4,1126
1493,0,2730
1493,2,2423
1493,4,1971
1798,0,884
1798,7,1171
66,2,1403
66,1,1844
103,6,2671
130,1,456
130,0,2178
213,7,1403
321,6,2323
321,1,2178
321,1,456
321,1,2319
321,2,1789
388,2,1380
388,4,2323
399,5,1380
812,1,1184
812,0,1380
812,4,1875
812,0,1806
812,4,2178
854,1,257
1186,5,2602
1186,7,257
1186,0,31
1453,2,2447
1453,3,1844
1505,1,2319
1505,1,1184
1505,7,1844
1962,0,2173
1962,1,456
1962,0,1380
1962,2,2447
1962,3,31
1962,5,2319
2548,1,1403
2548,1,1806
2548,1,149
2548,2,2192
14,0,915
83,2,237
83,0,1473
83,7,57
149,0,418
149,1,1395
149,0,732
149,4,1666
149,2,1473
149,4,406
506,0,418
506,2,1510
506,5,631
793,7,237
793,5,57
793,1,2179
793,6,2051
793,6,2975
793,5,1157
793,2,2610
1714,2,1636
1714,2,1449
1714,1,1666
1714,0,237
2400,3,2274
2400,1,1473
2400,3,174
77,3,2608
77,0,1146
77,7,720
77,1,749
77,7,2403
77,3,2133
312,3,2811
312,7,749
312,5,1146
312,6,682
312,6,2208
627,4,682
954,7,1718
954,6,2772
954,0,2811
954,3,929
954,0,2955
966,5,2608
966,2,137
966,5,354
82,5,2303
82,2,821
82,6,2470
82,2,549
82,1,84
82,5,331
122,6,2030
122,3,254
122,1,355
122,5,1074
122,2,259
122,7,413
122,0,2074
143,4,488
143,4,2030
143,4,2049
143,3,1074
143,3,1220
315,1,191
315,0,355
315,0,254
315,5,1234
375,3,2470
375,6,2303
375,4,2473
375,7,1234
616,2,549
616,0,259
616,0,2303
616,6,191
732,6,413
732,1,2470
732,3,1007
901,0,1074
901,0,1234
901,2,1220
1057,6,604
1057,6,191
1057,0,259
1057,6,84
1057,4,841
1162,0,2484
1162,3,84
1162,6,1865
1162,1,2456
1162,1,799
1252,5,1234
1252,1,2049
1664,4,1855
1664,0,715
1664,5,331
1664,2,2074
1664,2,1234
46,2,698
46,4,636
46,0,376
46,2,2304
46,5,788
89,4,2304
89,0,698
89,2,304
89,1,1770
89,0,170
89,7,2327
89,2,2549
159,5,2744
159,4,376
159,4,788
799,7,788
799,7,1766
799,7,75
799,2,856
799,3,1942
1066,1,2413
1066,5,396
1124,2,1770
1124,6,2159
1124,6,2813
1124,0,39
1124,5,2327
1694,7,39
1694,5,1770
1694,2,2438
1694,3,636
1694,3,2304
326,3,1558
326,7,524
326,7,2819
448,5,524
448,5,2817
448,3,2819
448,4,2767
448,4,1695
448,7,500
108,0,860
108,6,1877
345,2,1434
345,7,2856
345,1,1347
453,3,2688
453,5,2228
453,3,2213
453,1,50
453,2,261
453,1,2747
453,6,275
495,2,914
495,1,2996
495,3,2869
495,1,1866
495,6,2926
495,3,2228
668,6,2952
945,1,1567
945,5,448
945,7,2230
945,1,2869
945,2,2747
945,0,275
1068,6,1434
1068,5,1567
1068,0,860
1068,3,2226
1288,5,1772
1288,4,1949
1288,4,2688
2030,5,1347
2030,3,1434
2030,4,1277
2030,4,2952
2030,0,1413
43,6,2538
43,6,696
43,1,556
43,2,2497
222,2,2253
222,4,696
222,1,2497
222,2,1591
222,4,927
222,1,556
447,6,2009
447,0,389
447,1,1354
447,4,2324
508,1,2253
508,0,1591
508,1,2009
508,6,2538
508,3,2282
561,5,389
561,0,1652
561,1,2356
561,5,753
591,0,858
591,4,1354
591,5,1737
591,3,556
737,4,1896
1464,2,2366
51,6,45
51,6,2485
51,5,2436
51,6,940
51,1,1204
51,5,2391
200,2,2312
200,1,2485
200,7,1696
200,3,2391
200,4,1673
200,2,2627
252,4,1204
252,5,2221
252,2,1349
252,5,2733
252,1,2285
252,1,2083
252,2,1399
368,1,1696
368,5,2619
368,1,2186
624,3,2186
624,3,1781
624,1,2732
624,4,1673
825,5,45
825,6,1781
977,7,2411
1206,4,1541
1206,4,1399
1206,5,778
1519,0,843
1519,5,1204
1519,6,2732
1519,6,903
1533,7,2619
1533,6,1822
1533,0,1448
1533,2,1399
1533,1,45
2005,7,2619
2005,1,1448
2005,2,2917
2005,0,2391
2005,3,2436
2607,7,2619
2607,4,1541
2607,3,1822
2607,4,2732
2607,1,1399
2607,2,1204
2607,3,843
37,2,1689
322,4,1064
322,7,2145
322,6,1610
322,4,1917
347,5,179
347,7,568
347,5,1689
347,5,2146
454,6,922
454,1,1064
454,0,568
510,3,179
510,1,77
510,3,1917
510,2,1689
510,0,1537
510,3,1610
631,6,1537
631,0,1689
661,3,179
661,6,1537
661,0,1610
661,5,1917
661,3,1064
978,4,2935
978,5,2878
978,5,922
978,6,1917
978,6,2146
1702,5,922
1702,0,1064
1702,0,2146
1702,2,2878
1702,0,2935
1702,0,2145
96,1,1472
96,6,582
96,7,2499
96,0,2516
96,6,1609
96,0,1162
207,6,2824
207,3,128
207,1,1472
207,1,1749
207,1,1329
302,6,1797
607,1,1255
607,0,2139
607,5,806
615,6,2499
851,1,1920
851,0,1162
851,5,128
851,0,786
851,5,2924
851,2,1643
851,2,2516
1082,2,397
1082,2,1698
1082,5,1609
1082,1,582
1473,5,2064
1473,6,806
1473,0,397
21,4,2752
21,4,1176
60,2,2166
60,4,187
60,0,1360
100,1,1188
100,2,421
100,6,1626
100,5,1360
100,5,1384
350,3,2487
350,2,1614
350,1,739
401,0,2054
401,1,164
674,4,421
674,4,1594
674,0,2054
674,6,1188
674,1,2229
821,0,1341
821,5,2487
821,0,164
847,4,35
847,7,1738
847,7,1298
2059,1,1151
11,4,1731
68,6,1662
68,3,1423
68,1,2164
68,7,1014
68,0,2573
71,2,1976
71,5,545
71,3,324
71,2,2573
131,1,1492
185,3,1982
185,0,2102
185,1,1029
185,3,777
185,4,2829
185,0,2861
497,5,1492
497,7,2428
497,0,306
497,7,1423
497,7,678
497,0,777
497,4,1662
906,0,1748
906,6,2711
906,6,1156
906,3,94
906,6,324
906,2,1492
906,3,2829
1029,0,2164
1029,3,2711
1029,0,1731
1029,0,545
1091,3,1156
1091,7,2785
1091,3,1029
1091,7,2861
1091,5,2804
1091,7,2989
1316,1,1492
1316,6,1908
1316,6,2164
1316,6,2524
1316,6,480
1316,2,2573
1316,5,1976
22,6,1208
22,5,357
22,0,1873
22,3,2026
22,2,1684
22,2,229
42,2,1460
42,3,1706
42,3,2495
42,3,1873
42,7,1697
42,7,1334
44,3,20
44,1,439
44,7,2347
62,6,853
62,2,1336
62,3,1130
62,6,1460
62,6,1410
62,6,1447
189,2,439
217,2,1334
262,6,1336
262,5,20
262,3,1130
262,7,2537
262,0,853
262,5,1816
487,7,2118
487,5,1684
487,6,1706
487,0,2346
487,3,1447
647,7,385
647,1,1873
647,4,1390
647,7,2887
647,6,357
749,1,1130
749,5,2168
749,3,2537
749,7,439
749,4,1697
749,6,385
791,5,1873
791,6,1208
791,4,2118
791,1,229
791,5,1684
791,2,2347
791,6,2121
823,2,2026
823,2,439
823,7,1390
823,6,1447
823,4,2495
823,3,1334
869,7,2495
996,3,1410
996,3,2537
996,3,439
996,0,1873
996,1,2118
996,4,1816
1105,5,385
1105,2,1410
1995,3,1130
1995,7,20
2150,2,1460
2150,0,2026
2150,1,1697
2150,0,2346
2275,3,2168
183,3,2115
183,7,695
183,4,2923
183,5,1613
678,4,2677
678,5,666
678,2,2982
678,6,158
678,7,2544
1192,6,455
1192,3,2576
1812,1,1768
1812,4,666
1812,0,65
1812,6,852
1812,1,677
1812,2,2682
1812,1,2982
81,4,919
81,2,165
215,2,2640
215,0,1308
215,7,2336
215,4,1948
215,6,978
215,1,2534
215,6,590
747,2,2606
747,4,1131
747,4,758
747,6,97
747,4,1454
2201,4,2076
2201,1,470
2202,3,2825
2202,7,2606
2202,0,2534
2202,7,1350
2202,3,1948
2202,7,1200
6,3,1968
6,5,945
6,0,99
6,1,346
45,6,502
45,4,1049
50,0,1885
50,0,1296
50,6,2637
50,6,279
54,6,1497
54,6,1268
54,1,3000
54,6,99
84,4,945
84,4,1049
84,2,2318
197,3,2135
197,5,1885
197,0,99
197,7,1268
197,7,346
218,0,502
218,2,1968
218,3,1885
218,0,2933
218,4,2244
289,0,1954
289,4,1296
289,7,1519
289,2,1885
289,0,945
340,7,2318
340,6,3000
340,1,1519
340,5,346
340,1,1268
340,1,2135
340,0,2205
788,0,2933
788,5,679
788,1,2266
788,3,945
1229,7,945
1229,4,2318
1229,1,1186
1229,3,1954
1229,2,509
1229,5,1406
1229,4,2637
2149,0,99
2149,5,279
2761,2,1268
174,6,800
174,7,533
174,7,454
174,2,1321
174,1,226
174,5,672
695,1,1042
695,4,2690
695,0,1202
695,1,1222
695,3,1321
695,1,2607
770,1,390
770,6,226
770,5,965
842,1,2163
842,2,1222
842,4,1136
1010,4,226
1268,7,2690
1268,3,454
1268,1,2864
1268,4,965
1268,3,1202
2551,2,2163
2551,7,1321
2551,0,454
2551,4,1136
26,2,1031
26,7,2555
26,4,1214
26,7,1445
139,5,26
229,0,2555
229,1,906
229,4,1657
229,3,1030
229,3,1910
297,2,944
297,1,1214
297,5,479
297,7,1561
785,3,2701
785,7,1910
785,2,473
785,6,2142
785,5,2434
863,6,1524
1060,5,2142
1060,0,906
1060,1,1058
1060,5,1030
1276,0,610
1276,6,1147
1276,3,12
1276,3,2555
1276,1,2539
1276,7,2922
1408,5,906
1408,3,2604
1408,3,2142
1408,6,479
1408,0,2584
101,5,1203
101,0,2927
101,5,2128
101,2,233
101,3,2940
191,6,2128
191,6,318
191,0,639
31,5,114
31,0,2659
31,0,894
31,2,59
31,6,616
31,4,798
31,1,2472
452,1,2659
452,6,2335
452,5,291
452,5,59
452,6,2415
509,6,934
509,5,2932
509,5,8
509,4,2038
509,1,2462
509,1,114
509,2,1431
594,5,8
594,0,2415
594,2,1289
1290,2,2038
1290,0,2332
1290,5,1431
1290,7,1040
1290,4,2335
1290,4,59
1335,2,262
1335,2,889
1335,0,2335
1335,6,2462
1335,6,106
1778,4,2332
1778,7,1930
1778,3,798
1778,0,1431
1778,7,2932
1778,3,616
2954,2,291
251,0,273
251,5,1677
251,7,172
251,6,834
251,4,1362
395,7,1511
395,5,646
395,4,172
395,0,1517
395,5,790
395,4,2609
659,7,1517
659,1,70
659,0,642
726,2,2373
1106,1,2920
1106,0,273
1106,0,1240
1106,7,2609
1183,7,468
1183,2,1240
2032,7,2609
2032,4,2593
2032,1,172
2032,0,1011
2032,5,1582
2032,3,468
2032,4,198
36,0,2809
36,3,1925
36,6,2160
36,2,538
36,5,2522
36,2,1809
36,6,2818
91,5,159
91,1,2522
91,7,1292
128,1,159
128,1,2836
128,7,1884
128,6,342
128,4,2818
128,5,2974
128,5,2809
356,3,2974
356,4,1725
356,4,2985
356,4,2160
356,4,2714
525,3,1838
525,2,2427
848,5,499
848,6,342
848,0,2836
1054,2,1734
1054,7,1583
1054,5,475
2369,5,2818
2369,0,499
2369,1,2246
2369,3,2077
2369,7,2542
2369,1,538
2369,2,1838
2609,6,2714
2609,4,1197
2609,7,2427
2609,1,2461
2609,5,1583
2609,1,1292
204,2,2655
204,3,2343
204,7,1238
204,4,2158
204,4,1191
204,4,267
295,6,1359
295,2,1018
295,4,1000
295,7,1326
314,7,1359
314,6,2343
513,6,265
513,3,1521
513,3,2959
513,0,1326
515,4,1409
515,2,1018
515,0,2333
733,2,598
733,6,1038
733,7,1018
733,4,2959
733,3,2692
767,7,2158
767,4,2959
767,3,1236
780,6,1326
780,4,105
1777,4,1282
1777,4,1521
1777,7,1236
1777,3,1018
1777,1,1017
1777,2,761
2494,7,1000
2494,6,1168
2494,0,2959
2494,5,565
2494,0,265
17,3,525
17,0,2170
17,2,1959
180,6,1978
180,7,2238
180,7,792
180,1,2170
180,7,1871
180,2,2432
233,1,22
233,4,1355
233,2,825
245,6,1211
245,3,825
245,3,2238
444,3,525
444,0,2238
444,0,2344
444,7,2789
550,2,2170
550,5,2789
550,2,2238
550,4,1211
550,4,2796
575,4,2432
575,0,525
575,6,1978
575,7,2796
575,1,1355
575,6,1671
746,4,2789
746,6,2796
746,0,1045
746,6,1211
837,4,525
837,3,2238
837,6,2344
837,7,2796
932,2,1045
932,1,2344
932,7,1871
932,6,1211
932,7,2789
932,4,2238
975,7,436
975,4,2796
975,4,1355
975,0,2789
1075,7,1045
1075,5,1330
1075,5,525
2295,7,2238
106,5,923
106,0,175
106,7,429
117,6,2466
117,7,2247
117,7,2792
117,4,2812
811,7,2871
811,4,1119
811,5,1138
811,3,2525
811,3,429
992,4,2466
992,2,360
992,5,1338
992,3,1739
1194,2,1338
1194,1,1164
1194,5,2792
2106,0,476
2106,3,360
2106,4,2525
2106,5,1599
2106,5,2792
2106,2,1119
2106,4,2247
114,0,2696
114,4,2504
114,1,71
114,1,1221
114,4,2578
114,4,878
253,3,2644
253,5,71
626,5,2802
626,3,71
626,2,2481
626,2,2242
626,2,1398
30,7,2029
30,3,1604
30,2,227
30,3,2755
115,6,1939
115,3,300
115,4,366
115,4,2029
115,4,250
142,4,2220
142,5,464
232,6,227
433,0,118
433,3,796
556,3,2755
556,4,2565
556,0,118
556,1,2220
556,4,1271
908,3,445
908,0,2311
908,4,573
1201,2,2755
1201,0,2565
1496,5,1
1496,3,2565
1496,6,2029
1496,3,2799
1688,4,464
1688,0,227
1688,6,366
1688,2,445
8,1,1055
8,3,935
8,1,2180
8,5,400
8,7,868
8,4,2984
8,7,2916
23,5,2161
23,5,2712
23,7,1639
23,3,301
23,4,2067
153,4,2021
333,1,330
333,4,2024
333,0,1707
333,7,1764
333,2,400
549,4,2024
549,7,400
549,2,330
549,5,1185
738,7,935
1222,7,330
1222,2,301
1222,7,2067
1222,1,1490
1251,2,1707
1251,1,2631
1251,2,301
1251,7,1490
1251,2,2161
1310,7,2024
1492,5,1746
1492,2,1185
1492,5,1707
12,3,1432
12,7,47
12,3,605
12,6,655
157,7,904
157,7,1383
157,5,1041
157,2,670
230,0,2388
230,1,1801
280,0,767
280,6,2176
280,1,1041
280,6,2493
280,4,1383
666,5,767
666,1,1432
666,3,1619
666,4,904
666,5,219
701,0,731
701,5,775
1062,6,655
1062,4,670
1296,2,2493
1296,4,2945
1296,5,1969
1296,2,767
1460,2,1619
1460,0,2430
1460,1,775
1460,2,219
1460,1,605
1497,0,1969
1497,5,731
1497,6,1801
1497,1,2223
27,1,230
27,6,1283
126,4,1283
126,4,420
126,5,1232
126,0,1587
126,2,2006
132,4,2541
132,2,2874
132,4,2600
132,3,2638
132,1,976
132,7,398
132,2,620
188,6,1196
188,6,2874
188,2,420
188,7,230
188,2,2541
224,3,620
224,0,2006
224,2,2636
282,0,948
293,5,1232
293,3,1587
293,7,1196
293,1,1575
293,7,230
293,2,685
546,1,420
546,1,948
546,2,2541
546,6,606
546,3,2636
584,1,2006
584,1,398
584,2,1080
584,6,606
584,7,2261
584,0,2777
669,6,1587
669,0,2541
1143,2,685
1143,0,1283
1143,7,620
1143,3,976
1145,3,2600
1448,4,420
1448,3,1688
1448,0,2638
1448,2,2777
1448,0,2874
1448,3,1196
1488,0,2635
1574,1,1196
1574,0,1587
1574,0,1688
1574,7,948
1574,5,1283
1826,1,2874
1826,4,2006
1826,2,2635
1826,3,976
2812,0,1283
2812,7,1196
2812,1,398
2812,4,606
272,1,2207
272,2,709
272,4,2585
285,1,391
285,6,180
285,3,1870
420,3,1021
420,2,180
420,7,1500
420,3,2652
420,2,391
420,6,317
620,6,2585
620,4,2448
620,6,180
620,0,1500
620,4,2143
620,4,1713
638,5,931
638,5,1515
638,3,2152
638,5,1577
638,2,213
710,3,1870
710,0,709
710,5,2939
710,1,1440
710,1,2227
710,7,705
839,7,2011
839,3,142
839,3,2507
839,0,2227
839,2,1651
839,4,2207
1230,7,2152
1644,0,2011
1644,4,1713
1644,7,2632
1644,0,1577
2716,1,391
2716,5,2011
2716,6,1713
2716,5,2207
2836,2,1128
2836,6,2507
2836,0,1515
2836,0,1479
38,6,218
38,2,2988
38,2,975
38,2,2217
53,4,1714
53,6,1153
53,4,1586
76,1,1769
168,3,166
168,5,2405
284,3,975
355,6,2900
355,5,2988
355,1,284
355,1,1554
424,4,2379
489,0,1153
489,2,2154
489,4,218
572,0,2821
572,4,2988
572,2,2727
572,0,284
572,5,575
572,5,2405
716,6,110
716,1,2405
716,6,2988
716,0,2154
716,6,218
716,0,2217
772,7,2867
772,5,2154
772,3,2821
772,6,110
772,2,218
951,7,1554
951,5,1726
951,1,575
951,6,2993
1717,2,2727
1717,7,218
1717,6,284
2043,0,218
2043,1,1554
434,1,2889
434,5,216
434,5,2003
750,0,1189
750,3,1263
750,2,869
750,0,1242
838,7,2342
838,1,2140
838,4,542
1548,6,1189
1548,6,298
1548,4,542
1548,0,772
2513,0,2342
2792,6,1167
2792,6,2003
2792,0,1793
2792,6,411
2792,7,216
2792,3,312
2792,6,1263
566,6,710
566,4,15
566,7,2153
566,1,737
566,4,1170
566,4,2545
882,7,1810
882,4,410
882,0,828
1301,0,15
1301,1,2153
1301,2,1170
1301,4,1150
1301,5,2400
1737,5,1170
1737,7,710
1737,7,1703
1737,1,609
1876,7,763
1876,5,2153
1876,6,1170
16,5,2728
16,6,2586
85,7,2370
85,3,2722
85,4,534
85,2,1756
85,0,2568
85,5,1717
85,3,32
102,2,531
102,2,2977
102,0,2449
102,0,2380
102,6,2873
102,6,534
296,4,1571
296,0,674
296,0,578
296,2,531
296,0,807
296,1,514
428,6,2444
428,0,2728
428,3,2722
428,2,514
428,0,1672
596,4,2722
596,7,531
596,0,2949
596,6,807
596,6,941
761,3,2647
1258,0,2765
1258,2,2380
1258,0,2444
1258,5,1672
1258,3,2586
1258,3,2449
2155,4,1717
2561,1,2977
2561,2,1571
2561,2,534
2561,4,2586
2561,3,2873
294,3,1161
484,3,260
484,4,2672
514,3,2062
514,5,1638
514,2,2579
514,3,1433
713,3,268
713,5,1276
713,2,1600
713,5,29
781,2,1595
781,2,90
856,3,269
856,7,1595
856,2,634
1152,7,634
1152,1,269
1152,3,1198
1152,3,1161
1152,3,1086
1152,3,1857
1204,0,2672
1328,6,1276
1328,5,268
1328,4,1638
1328,6,1198
1328,5,742
1328,1,567
1517,1,742
1517,0,634
1517,0,2672
1517,5,1638
1517,3,1857
1719,7,2672
1719,5,567
1719,2,90
1719,3,1175
1719,3,260
1818,7,1175
2161,0,1433
2161,6,1638
2161,6,2672
2161,6,567
2161,1,1161
417,6,2684
417,3,1451
426,3,2684
464,3,805
464,6,1451
464,2,2784
464,0,256
464,4,1475
1399,1,535
1399,7,1461
1399,1,2293
1399,2,1648
1399,0,1343
1399,0,555
1891,6,2345
1891,6,1461
1891,5,1313
1891,6,1468
1891,6,2293
929,4,1926
929,3,457
929,1,1904
929,7,724
1144,1,1485
1144,1,2656
1144,6,611
1144,2,1753
1144,7,1894
1411,1,1253
1411,0,1860
1411,3,1062
1796,1,1224
1796,4,1904
1796,1,1367
1796,0,1085
1796,3,1762
2585,7,1753
34,5,2492
210,7,2540
210,6,1967
210,1,1457
210,1,2521
210,2,1243
210,6,2492
210,0,669
216,7,2389
216,7,2958
216,2,2800
216,3,1967
216,1,2474
261,0,2643
261,6,2661
261,0,2521
261,6,637
261,4,916
261,2,2911
261,2,2162
328,2,2521
328,7,496
328,4,916
328,7,637
502,0,2643
502,5,2521
502,3,2162
502,1,2526
502,2,785
502,2,669
502,6,1542
595,2,2392
595,5,2800
595,0,496
595,6,1967
595,0,2526
595,4,1457
595,6,669
760,5,2474
760,2,121
760,6,669
760,4,2492
760,7,1052
760,6,2661
760,3,2084
771,4,2800
771,3,2661
771,7,1366
771,4,1967
771,0,1532
1354,4,1243
1354,3,1052
1354,0,121
1354,0,2389
1354,6,496
2000,1,1243
2000,6,1967
172,0,2706
172,6,214
172,3,2273
172,5,1416
172,0,1487
226,3,1416
226,4,202
226,5,1348
259,7,859
259,5,1226
259,7,14
259,1,1425
259,2,870
303,6,2248
303,5,1178
303,0,1043
305,3,1487
305,3,1693
305,6,2433
488,6,1054
536,2,2248
536,1,1348
536,6,1416
536,5,1623
536,5,1043
536,5,14
1070,7,2248
1070,4,1623
1070,7,1226
1070,1,1487
1070,0,2008
1070,3,1693
1070,0,702
1260,4,214
1260,3,14
1260,6,1178
1260,6,2362
1260,3,2008
1367,5,702
1367,7,2248
1367,5,2302
1367,4,1043
1367,1,2706
1367,4,2273
1789,1,214
1789,5,702
1789,1,2302
1789,4,14
1789,4,2828
2023,4,241
2023,6,2828
2126,2,1487
2126,3,2310
2126,1,2302
2126,4,1054
2274,5,14
2274,6,2008
2274,1,2273
2274,5,241
35,7,581
35,1,1902
121,4,1065
121,0,111
121,5,832
161,7,811
161,1,178
161,5,54
161,1,1700
228,1,2117
228,3,2594
228,6,1124
228,6,1635
228,2,2108
228,7,701
404,0,1902
404,4,2999
404,7,832
404,1,1065
404,5,1627
404,2,2075
612,3,2117
2085,0,2535
2085,4,2117
2085,5,1940
2085,0,177
2318,7,2075
2318,0,1902
2318,2,1627
2318,1,111
409,3,1852
410,4,1808
410,1,151
410,7,2972
410,3,460
430,1,1225
430,3,760
430,0,1808
430,5,2073
430,3,1621
830,0,2663
830,7,1808
830,7,740
830,5,2797
830,6,151
830,3,760
1287,0,2791
1287,0,2073
1287,7,899
1849,6,819
1849,5,743
1849,7,2783
1849,3,760
1849,6,1663
2618,4,2791
2618,3,2797
2618,1,2082
2618,3,2025
32,4,416
32,7,1807
32,3,1530
32,4,1400
32,0,364
32,1,1963
41,2,2294
41,2,173
41,5,127
41,7,1842
41,5,416
41,2,1116
41,0,1937
93,1,1280
178,5,1115
178,4,173
206,6,2601
206,3,1280
206,6,2580
206,1,364
206,6,242
206,0,127
275,4,1400
275,7,1985
275,7,242
330,6,1116
330,5,964
330,2,1937
330,5,872
330,1,1807
1056,3,493
1056,6,1963
1056,5,1280
1056,3,2842
1056,4,964
1458,0,1953
1458,2,2088
1458,1,1807
1458,3,173
1458,4,1963
1516,1,1047
1516,1,1963
1516,2,1985
2120,6,2088
2120,5,1400
2120,7,127
2120,4,1951
2120,7,416
2120,6,1963
78,6,5
78,2,2681
78,5,955
78,0,1068
78,1,911
155,2,303
398,2,1921
398,3,1066
398,5,2355
398,2,1878
398,5,2523
418,2,589
418,7,1878
418,6,474
418,2,1340
418,3,423
657,3,474
657,2,1286
657,7,2355
657,3,1028
910,1,2681
910,1,474
910,0,589
1187,4,589
1187,0,1340
1187,1,2523
1939,3,1608
1939,1,1286
311,1,966
311,2,2081
311,2,182
431,2,2325
431,0,1854
431,1,1465
431,3,1861
431,6,727
431,4,2300
431,7,2240
704,3,1139
704,7,727
704,6,1667
704,0,2325
1522,5,1295
1522,4,2679
1522,0,2240
1522,4,1629
1522,2,1092
1770,5,928
1770,5,1465
1770,0,1092
1770,1,2364
1770,7,2081
2138,0,1092
15,1,2994
15,0,2575
15,4,591
15,2,505
15,3,946
15,6,2592
145,4,946
145,3,194
179,4,2058
179,2,946
179,4,194
179,0,2196
179,0,2592
190,7,1566
423,6,2196
423,6,2901
423,2,2994
423,6,689
423,5,1832
636,3,1159
636,0,591
636,1,2592
773,7,2036
773,4,2994
773,3,194
773,1,2901
773,6,505
10,5,426
10,7,1048
10,2,2615
10,3,1304
64,5,1743
110,6,1212
110,3,419
110,0,1209
271,5,2622
271,4,2032
339,0,558
339,7,1452
339,6,426
339,4,419
516,7,1452
516,7,1743
516,2,2615
516,5,791
516,3,419
516,5,215
817,5,2622
817,4,1212
817,4,2588
817,0,1895
1438,0,2407
1438,2,2615
1438,3,1895
1438,5,426
1556,1,419
1556,1,215
1556,4,2615
1556,0,1906
1556,3,1895
1556,6,981
1627,5,558
4,4,1463
4,4,2596
4,0,1378
292,2,1357
292,3,2614
470,0,1887
470,5,231
470,0,1631
470,5,1244
470,7,155
558,4,1617
829,4,1547
829,7,1887
829,4,847
829,5,1617
829,5,469
40,6,960
40,0,73
40,2,244
40,4,290
40,3,223
192,5,960
574,1,2508
574,3,1767
643,4,2289
643,5,2528
643,7,2964
643,6,73
643,1,1727
643,2,244
1099,7,290
1482,2,244
1482,0,2289
1482,5,73
1482,1,402
1482,6,290
1482,4,359
2038,5,244
2166,5,2790
2166,3,960
2166,2,719
2166,4,2703
2166,0,1727
2166,6,244
70,0,1701
134,6,495
134,6,1227
134,6,1710
134,7,996
134,5,1073
273,5,51
273,1,2664
273,4,571
273,3,1003
273,0,1701
273,1,996
1257,0,431
1257,5,371
1257,6,1073
1257,3,996
1257,7,1675
1257,5,1710
1622,7,431
1622,4,495
1622,2,1227
1803,4,1227
1803,4,2664
1803,4,431
1803,7,1805
1803,1,1557
2214,4,996
2214,6,571
2214,3,1003
2214,7,703
113,3,2093
113,1,1819
113,4,2291
113,3,1501
113,1,1095
113,5,315
113,2,1786
364,4,2125
364,3,1527
649,5,1819
649,0,124
649,2,395
649,0,2086
676,7,1444
676,2,1786
676,2,153
676,2,2501
676,1,2201
676,0,2882
1638,0,1527
1638,4,909
1638,0,153
1638,7,2645
2336,0,2723
59,5,1815
59,7,973
387,0,1078
387,1,622
387,1,1947
387,4,2018
485,1,1715
485,4,2875
485,5,2421
485,3,1858
740,7,204
740,6,2875
740,6,2421
740,1,1947
740,1,1715
740,3,897
1364,2,199
1364,2,2368
1364,7,950
1364,0,154
1364,4,2978
1364,0,1419
1404,5,154
1404,6,2426
1404,3,2018
1404,6,405
1404,2,622
1563,1,2426
1563,1,204
1563,5,1474
1563,7,722
1563,6,588
1563,6,1715
1563,3,506
1716,4,506
1716,1,1078
1716,3,199
1716,0,1947
1716,3,583
1716,0,1059
150,4,2651
150,4,2781
150,6,1790
150,7,974
150,0,1105
150,7,2
150,1,2090
269,3,1720
269,0,2181
269,6,2262
269,7,1790
269,3,129
269,1,1090
352,4,2651
352,2,1800
419,1,1800
419,4,1067
419,6,1790
419,0,824
419,3,1720
419,0,1039
547,3,874
547,5,2
651,4,824
651,1,129
651,7,630
707,0,1800
707,6,2010
707,4,1067
707,1,2781
866,2,2651
1901,3,2262
2371,0,1593
2371,4,1800
2371,0,2272
2371,0,286
2371,5,129
2371,6,2
2371,7,2781
2834,6,1800
2834,7,1090
2834,5,2
129,2,920
170,7,1110
170,2,920
170,7,2326
170,2,381
170,4,382
792,2,1110
792,1,382
792,6,2759
2162,0,1104
2162,7,1965
316,2,504
316,1,1187
593,3,1192
593,2,585
593,3,2833
630,0,2956
630,6,1589
630,4,1143
630,6,1192
630,7,1187
630,3,1573
673,4,2458
673,4,266
673,2,1057
673,5,1187
1064,4,615
1064,5,2467
1175,6,504
1175,0,353
1175,0,2956
1175,3,2833
371,2,1459
371,7,957
371,4,2264
371,5,985
371,5,2060
493,0,2060
493,2,957
567,7,2177
567,0,17
567,2,961
567,0,1584
883,3,2104
883,7,2060
883,3,2264
883,1,748
883,1,961
2124,5,17
2124,7,41
2124,7,2390
2124,6,2264
2837,3,2060
2837,0,836
184,5,1607
184,4,2136
184,6,2369
184,1,2969
390,0,1779
390,6,58
390,0,369
390,2,1974
449,2,203
449,0,1264
449,1,1839
449,7,2369
449,4,877
590,2,296
590,5,2136
590,1,921
590,6,1974
590,4,1607
801,2,1988
801,4,58
801,0,1747
801,3,2810
801,6,1779
801,7,203
801,2,2409
1065,0,1751
1065,2,2369
1065,3,2695
1065,2,69
1641,4,203
1641,3,921
2719,1,1606
2719,3,2810
2719,4,2695
2719,3,185
165,2,2834
165,1,2557
165,1,755
165,0,2297
165,2,2314
396,7,169
396,2,958
396,0,1560
396,2,1379
542,4,2509
1370,2,2930
1370,6,765
1370,1,2314
1370,3,755
109,2,2056
109,3,2719
109,3,2893
109,3,1285
109,4,1625
154,5,1285
154,0,2171
154,3,1382
154,0,341
246,1,515
246,2,2719
246,4,2015
246,4,2050
480,4,314
480,1,363
480,4,1740
480,7,2056
480,3,2103
480,4,2435
499,0,2254
499,0,2667
499,7,2893
499,1,2171
499,3,1740
499,6,2320
683,3,2893
683,0,1941
683,7,2103
683,4,2667
683,3,1160
683,1,1285
683,6,314
956,1,2435
956,5,2056
956,7,2171
956,4,1382
956,6,363
956,5,866
1025,4,314
1025,5,363
1025,3,2015
1025,0,1691
1025,3,1834
1042,4,1834
1042,4,1721
1042,0,341
1042,2,2719
1042,7,2667
1245,7,363
1486,3,1518
1486,2,2103
1486,3,363
1486,6,2056
1950,4,314
1950,3,2254
