"id","created_at","restaurant_id","status","system_order_id","total_price","with_delivery"
2,2022-11-12 21:09:52.000,5,IN_PROGRESS,136,170.3,true
3,2022-02-08 18:41:30.000,37,PENDING,255,718.3,true
4,2022-01-16 00:04:40.000,89,PENDING,546,522.3,false
5,2022-08-14 08:54:04.000,11,COMPLETED,597,258.7,false
6,2022-05-26 13:12:54.000,57,CANCELED,230,753.7,true
7,2022-08-22 16:05:26.000,40,IN_PROGRESS,790,956.4,true
8,2022-08-27 19:26:13.000,69,PENDING,531,295.7,true
9,2022-07-08 01:32:40.000,4,IN_PROGRESS,310,172.0,false
10,2022-05-02 10:53:53.000,88,READY,56,648.4,true
11,2022-05-28 10:08:34.000,53,CANCELED,232,68.9,true
12,2021-12-13 01:02:09.000,70,PICKED_UP,588,423.0,false
13,2022-04-26 10:16:55.000,34,PICKED_UP,980,119.6,true
14,2021-12-15 17:17:40.000,42,COMPLETED,660,461.6,true
15,2022-05-15 19:43:34.000,87,PICKED_UP,81,546.0,true
16,2022-05-25 12:47:03.000,76,CANCELED,165,294.1,false
17,2022-11-15 18:55:44.000,65,COMPLETED,313,157.6,false
18,2022-10-26 21:46:10.000,31,PICKED_UP,820,329.9,true
20,2022-06-22 08:37:48.000,37,COMPLETED,699,381.9,false
21,2022-11-18 04:24:13.000,52,CANCELED,62,277.3,false
22,2021-12-22 13:29:45.000,54,READY,679,980.0,true
23,2022-10-04 11:05:20.000,69,READY,824,405.5,false
24,2022-06-12 11:48:05.000,3,COMPLETED,668,788.7,true
25,2022-02-20 21:38:02.000,43,PENDING,816,220.1,true
26,2022-02-13 04:25:54.000,59,COMPLETED,982,895.9,false
27,2022-09-11 09:37:28.000,71,PICKED_UP,741,890.2,true
28,2022-10-13 04:59:48.000,25,READY,434,57.3,false
29,2022-10-01 06:06:00.000,23,CANCELED,326,644.8,true
30,2022-03-08 01:49:09.000,68,COMPLETED,346,384.5,true
31,2022-04-18 17:11:12.000,61,READY,189,660.7,true
32,2021-12-04 11:12:02.000,84,IN_PROGRESS,122,844.6,true
33,2022-03-12 08:03:40.000,72,COMPLETED,285,443.9,true
34,2022-09-17 00:40:09.000,80,PICKED_UP,128,838.7,true
35,2022-04-15 23:47:32.000,82,PENDING,493,323.0,true
36,2022-01-11 01:30:09.000,63,PENDING,296,344.4,false
37,2022-06-01 10:32:00.000,50,PENDING,907,211.1,true
38,2022-06-08 16:02:37.000,73,IN_PROGRESS,619,971.1,true
39,2022-06-08 06:06:48.000,31,COMPLETED,659,309.7,true
40,2022-06-07 19:18:32.000,90,IN_PROGRESS,2,103.3,true
41,2022-10-04 19:36:55.000,84,IN_PROGRESS,141,321.3,true
42,2022-11-13 02:47:35.000,54,PICKED_UP,835,957.1,true
43,2022-07-13 13:03:19.000,48,IN_PROGRESS,266,693.1,false
44,2022-05-19 21:19:38.000,54,PENDING,241,701.5,true
45,2021-12-02 09:17:45.000,57,IN_PROGRESS,709,857.5,true
46,2021-12-05 11:33:22.000,45,PICKED_UP,47,367.3,false
47,2022-08-11 15:24:56.000,23,COMPLETED,893,221.9,false
48,2022-09-17 17:10:31.000,39,COMPLETED,969,308.8,true
49,2022-05-19 11:59:07.000,3,CANCELED,398,852.7,false
50,2022-09-17 13:45:20.000,57,PICKED_UP,839,495.4,true
51,2022-10-26 07:19:47.000,49,COMPLETED,240,587.6,false
52,2022-11-05 18:05:17.000,6,CANCELED,942,986.6,true
53,2022-05-06 02:24:13.000,73,PENDING,1,764.3,false
54,2022-10-23 05:44:41.000,57,CANCELED,748,784.4,false
55,2022-05-31 09:32:57.000,11,PENDING,669,555.1,true
56,2022-03-22 21:17:57.000,37,PENDING,524,365.9,false
57,2022-03-04 06:47:37.000,69,COMPLETED,433,511.1,true
58,2022-11-05 21:00:09.000,57,IN_PROGRESS,846,53.2,true
59,2022-04-18 16:56:12.000,93,PENDING,487,292.6,false
60,2022-06-24 03:29:01.000,52,COMPLETED,338,985.2,false
61,2022-01-30 17:33:03.000,73,CANCELED,987,963.9,false
62,2022-05-31 07:34:37.000,54,PENDING,287,928.0,true
63,2022-07-30 15:44:23.000,81,PICKED_UP,51,711.2,true
64,2022-11-22 12:55:53.000,88,CANCELED,527,276.7,false
65,2022-02-23 20:59:00.000,100,COMPLETED,890,308.4,true
66,2022-08-16 12:50:24.000,41,IN_PROGRESS,347,916.6,true
67,2022-09-26 05:52:32.000,28,PICKED_UP,769,808.2,false
68,2022-04-19 23:14:38.000,53,PENDING,860,552.1,true
69,2022-11-21 06:15:33.000,11,COMPLETED,80,448.1,false
70,2022-02-10 17:41:51.000,91,PICKED_UP,394,662.7,false
71,2022-10-31 15:37:17.000,53,IN_PROGRESS,819,108.2,false
72,2022-09-15 02:30:23.000,14,COMPLETED,714,387.7,false
75,2022-07-05 12:28:21.000,21,PICKED_UP,419,168.7,false
76,2022-05-13 05:00:04.000,73,CANCELED,288,206.8,false
77,2021-12-11 13:03:33.000,43,IN_PROGRESS,421,214.0,false
78,2021-12-26 03:15:36.000,85,PICKED_UP,475,232.9,true
79,2022-03-18 17:58:16.000,21,CANCELED,999,507.5,false
80,2022-04-20 05:12:29.000,15,PENDING,362,291.9,false
81,2022-11-13 15:33:43.000,56,PICKED_UP,992,574.5,false
82,2022-09-13 20:05:20.000,44,READY,568,116.2,false
83,2022-04-06 05:33:40.000,42,IN_PROGRESS,95,516.4,false
84,2022-06-20 05:08:09.000,57,READY,868,136.1,true
85,2022-06-02 23:02:22.000,76,READY,97,92.4,false
87,2022-02-07 23:39:41.000,21,COMPLETED,870,400.8,false
88,2022-06-12 20:51:13.000,4,READY,637,891.4,false
89,2022-04-13 10:01:26.000,45,PICKED_UP,228,993.5,true
90,2022-09-19 06:00:17.000,29,PICKED_UP,940,503.5,false
91,2022-03-17 20:50:51.000,63,PICKED_UP,614,455.5,true
93,2022-11-22 11:41:44.000,84,IN_PROGRESS,330,698.8,false
95,2021-12-14 09:27:05.000,99,PICKED_UP,365,223.3,true
96,2022-09-25 13:29:36.000,51,PICKED_UP,847,458.7,true
97,2022-02-21 23:00:31.000,23,COMPLETED,376,132.5,false
98,2022-02-17 03:13:19.000,16,PENDING,926,353.6,false
99,2022-01-03 11:31:37.000,6,IN_PROGRESS,762,743.0,true
100,2021-12-30 15:46:28.000,52,COMPLETED,401,747.3,false
101,2021-12-01 08:26:17.000,60,READY,256,731.4,false
102,2022-11-01 05:58:28.000,76,READY,735,922.3,true
103,2022-09-12 19:14:32.000,41,PENDING,869,69.6,false
104,2022-01-11 01:19:18.000,20,IN_PROGRESS,865,854.9,true
105,2022-10-15 00:36:55.000,23,CANCELED,540,599.2,true
106,2022-07-29 04:34:30.000,66,IN_PROGRESS,237,570.0,false
107,2022-05-10 07:53:50.000,25,COMPLETED,783,224.7,false
108,2022-11-09 03:19:03.000,47,COMPLETED,502,303.5,false
109,2022-08-23 19:54:19.000,100,PENDING,732,605.2,true
110,2022-04-09 11:48:50.000,88,CANCELED,650,645.1,true
111,2022-01-07 13:42:38.000,7,COMPLETED,734,225.1,true
112,2021-12-08 16:54:00.000,33,PENDING,547,276.4,true
113,2022-05-03 23:42:38.000,92,IN_PROGRESS,978,400.1,true
114,2022-07-15 03:46:28.000,67,CANCELED,993,434.1,false
115,2022-03-09 10:37:37.000,68,CANCELED,342,368.9,false
116,2021-11-29 08:12:52.000,33,CANCELED,694,849.2,false
117,2022-04-22 17:23:31.000,66,COMPLETED,19,872.4,false
118,2022-05-15 07:03:17.000,67,PICKED_UP,208,750.0,false
119,2022-10-16 09:55:58.000,59,CANCELED,951,695.8,true
120,2022-08-18 12:52:04.000,38,PICKED_UP,334,879.5,false
121,2022-08-21 22:34:43.000,82,IN_PROGRESS,558,288.0,false
122,2022-09-08 13:15:18.000,44,PICKED_UP,713,494.6,false
125,2022-09-19 20:43:06.000,33,CANCELED,395,807.5,false
126,2021-12-27 01:32:50.000,71,IN_PROGRESS,915,859.4,false
127,2022-03-19 14:44:51.000,30,COMPLETED,428,73.6,false
128,2022-10-30 22:31:16.000,63,COMPLETED,153,605.1,false
129,2022-07-06 03:15:34.000,95,PICKED_UP,973,646.7,true
130,2022-04-13 08:16:39.000,41,READY,918,79.2,true
131,2022-01-07 07:45:30.000,53,PICKED_UP,683,603.7,true
132,2022-08-27 06:54:12.000,71,READY,658,260.3,false
133,2022-03-08 06:09:46.000,12,CANCELED,268,684.4,false
134,2022-09-12 21:32:10.000,91,PICKED_UP,751,986.2,false
135,2022-07-14 22:56:51.000,17,READY,837,313.4,false
136,2022-05-23 15:27:47.000,7,COMPLETED,970,387.0,false
137,2022-06-27 16:38:17.000,13,COMPLETED,492,914.2,false
138,2022-03-02 07:13:03.000,8,READY,135,744.5,true
139,2022-01-20 21:37:36.000,59,IN_PROGRESS,112,803.5,true
140,2022-07-17 07:45:22.000,25,IN_PROGRESS,712,947.9,true
142,2022-06-22 07:52:39.000,68,PICKED_UP,370,362.3,false
143,2022-10-14 23:28:19.000,44,PENDING,406,110.2,true
144,2022-05-02 21:36:52.000,30,READY,954,402.8,false
145,2022-10-27 14:45:54.000,87,CANCELED,801,365.4,false
146,2022-01-30 05:16:13.000,31,PENDING,284,382.7,true
147,2022-11-21 16:18:44.000,21,PICKED_UP,630,120.6,true
148,2022-06-01 16:45:08.000,34,READY,708,579.4,false
149,2021-12-16 02:40:03.000,42,COMPLETED,594,677.2,true
150,2022-10-19 23:50:19.000,94,IN_PROGRESS,10,743.4,true
152,2022-01-17 19:15:29.000,17,READY,950,529.7,false
153,2022-06-27 08:39:45.000,69,IN_PROGRESS,877,409.2,true
154,2021-11-28 23:20:02.000,100,READY,377,335.0,true
155,2022-06-25 11:58:03.000,85,COMPLETED,578,584.8,true
156,2022-08-02 01:54:48.000,35,PICKED_UP,836,957.3,true
157,2022-09-26 13:22:49.000,70,READY,40,555.5,false
158,2022-11-04 08:34:07.000,40,READY,405,300.8,false
159,2022-02-27 03:24:21.000,45,PENDING,98,307.0,false
160,2022-08-14 12:57:34.000,26,PENDING,197,428.4,false
161,2022-07-03 16:01:46.000,82,IN_PROGRESS,746,165.1,true
162,2022-11-03 07:02:22.000,37,PENDING,491,796.7,false
163,2022-03-04 23:50:19.000,10,COMPLETED,902,986.3,false
165,2022-05-14 12:10:48.000,99,CANCELED,381,758.1,false
167,2022-06-19 11:28:09.000,73,READY,414,138.5,true
168,2022-01-17 18:05:07.000,73,READY,374,781.7,false
169,2022-07-16 19:06:21.000,33,IN_PROGRESS,271,140.5,false
170,2021-11-29 08:16:22.000,95,PICKED_UP,28,685.1,false
171,2022-11-03 10:50:43.000,15,COMPLETED,757,81.3,false
172,2022-02-19 07:35:00.000,81,COMPLETED,807,641.2,false
174,2021-12-27 05:45:04.000,58,COMPLETED,765,682.8,true
176,2022-07-04 16:25:52.000,35,IN_PROGRESS,249,678.3,false
178,2022-06-29 22:44:03.000,84,READY,303,242.8,false
179,2022-08-11 23:01:30.000,87,COMPLETED,508,875.7,false
180,2022-09-19 07:25:17.000,65,PENDING,760,809.2,true
182,2022-10-13 14:49:13.000,22,READY,465,719.4,true
183,2022-01-17 17:06:31.000,55,READY,525,259.1,true
184,2022-08-10 02:55:19.000,98,COMPLETED,509,414.4,true
185,2021-11-29 01:09:28.000,53,READY,566,864.9,true
187,2022-01-13 11:41:01.000,1,PICKED_UP,927,604.1,true
188,2022-08-04 00:57:28.000,71,PENDING,469,816.7,false
189,2022-05-07 19:18:51.000,54,PICKED_UP,934,987.5,true
190,2022-01-11 15:04:34.000,87,COMPLETED,967,989.5,false
191,2022-02-27 23:52:14.000,60,CANCELED,484,309.1,true
192,2022-02-13 16:58:01.000,90,READY,528,158.5,true
193,2022-04-17 15:54:59.000,32,PENDING,18,516.6,false
194,2022-06-21 07:55:03.000,84,COMPLETED,164,610.9,true
195,2021-12-01 01:09:56.000,23,READY,162,389.1,true
197,2022-03-24 10:36:08.000,57,COMPLETED,277,333.5,true
200,2022-10-02 07:30:15.000,49,COMPLETED,777,993.7,true
201,2022-01-19 08:20:03.000,80,COMPLETED,293,819.2,true
202,2022-01-05 04:12:16.000,28,IN_PROGRESS,565,489.2,true
203,2022-01-31 20:20:55.000,70,PICKED_UP,358,343.3,false
204,2022-03-07 12:13:59.000,64,IN_PROGRESS,137,222.1,false
206,2022-08-28 17:59:46.000,84,IN_PROGRESS,226,86.0,true
207,2022-08-05 10:12:16.000,51,IN_PROGRESS,711,132.0,true
208,2022-04-09 05:10:43.000,1,PENDING,476,874.5,false
209,2022-02-01 14:37:45.000,10,PENDING,647,396.5,false
210,2022-01-24 16:18:13.000,80,PICKED_UP,486,557.4,false
211,2022-05-20 23:43:31.000,13,PENDING,336,723.4,true
213,2022-08-15 11:40:13.000,41,COMPLETED,34,648.1,true
214,2022-07-02 17:52:50.000,6,PICKED_UP,204,692.4,false
215,2022-04-18 12:22:15.000,56,PICKED_UP,231,613.2,false
216,2022-01-24 14:25:48.000,80,READY,186,448.8,true
217,2022-09-22 12:29:00.000,54,PICKED_UP,726,72.6,true
218,2022-10-19 13:17:30.000,57,COMPLETED,537,972.1,false
219,2021-11-30 16:28:43.000,37,PICKED_UP,182,326.6,true
220,2022-03-25 00:55:49.000,70,PENDING,635,88.8,true
221,2022-05-25 21:15:08.000,93,IN_PROGRESS,736,659.3,true
222,2022-05-26 18:10:48.000,48,COMPLETED,84,72.3,true
224,2021-12-13 07:19:02.000,71,CANCELED,86,338.8,true
225,2022-08-02 11:19:37.000,28,PENDING,913,956.9,false
226,2022-03-04 10:22:51.000,81,READY,14,777.0,false
228,2022-02-28 04:46:37.000,82,PICKED_UP,564,589.8,false
229,2022-10-14 03:59:52.000,59,PICKED_UP,450,914.5,true
230,2021-12-17 09:15:19.000,70,IN_PROGRESS,187,895.6,false
231,2022-01-11 04:58:39.000,17,PENDING,474,535.0,true
232,2022-06-04 03:36:43.000,68,READY,6,913.6,true
233,2022-04-21 02:34:47.000,65,IN_PROGRESS,315,925.6,false
234,2022-05-10 22:36:39.000,14,READY,129,79.0,false
236,2022-09-07 19:43:21.000,27,CANCELED,990,881.1,true
237,2022-05-22 01:16:11.000,27,PICKED_UP,183,404.3,true
238,2021-12-21 11:50:19.000,85,COMPLETED,202,530.0,false
239,2022-01-18 13:58:02.000,35,CANCELED,210,692.4,false
240,2022-08-06 21:31:55.000,21,PICKED_UP,139,836.6,true
241,2022-08-24 18:05:48.000,26,PICKED_UP,840,632.7,true
242,2022-08-11 22:38:23.000,31,PENDING,373,758.2,true
245,2022-04-27 23:23:21.000,65,IN_PROGRESS,638,206.7,false
246,2022-04-30 12:10:12.000,100,PICKED_UP,626,282.1,false
247,2022-09-23 12:46:18.000,84,READY,729,713.9,true
249,2021-12-05 17:16:30.000,10,PENDING,339,722.5,true
251,2022-06-28 15:58:02.000,62,IN_PROGRESS,360,607.9,true
252,2022-05-05 23:09:16.000,49,PICKED_UP,859,658.1,false
253,2022-06-21 01:07:48.000,67,PICKED_UP,895,131.4,true
254,2022-09-12 05:57:18.000,5,PICKED_UP,216,157.8,false
256,2022-02-18 06:57:34.000,25,PICKED_UP,591,418.8,true
257,2022-05-14 18:36:17.000,29,PICKED_UP,891,564.1,true
259,2022-07-17 14:55:51.000,81,COMPLETED,696,295.1,true
260,2022-11-20 10:31:10.000,4,PENDING,417,949.2,false
261,2022-02-25 06:35:03.000,80,PICKED_UP,582,850.5,true
262,2022-06-19 01:32:43.000,54,IN_PROGRESS,462,726.2,false
263,2022-08-08 06:08:35.000,6,IN_PROGRESS,567,837.1,false
266,2022-03-29 01:47:19.000,25,COMPLETED,29,344.4,false
267,2022-05-05 17:11:37.000,3,READY,553,458.7,true
269,2022-07-30 20:02:27.000,94,COMPLETED,144,266.6,true
270,2022-08-18 06:08:01.000,30,PENDING,871,586.8,true
271,2022-02-01 00:03:04.000,88,PICKED_UP,929,459.0,true
272,2022-02-17 13:41:09.000,72,CANCELED,116,583.2,true
273,2022-08-27 18:17:17.000,91,PENDING,933,863.3,false
274,2022-03-30 19:15:05.000,12,COMPLETED,423,760.2,false
275,2022-08-17 08:53:19.000,84,PENDING,383,60.9,true
276,2022-03-30 03:42:58.000,36,COMPLETED,898,235.0,false
278,2022-05-19 15:33:37.000,34,PICKED_UP,879,272.3,false
279,2022-11-07 08:39:22.000,5,CANCELED,755,590.3,false
280,2022-09-14 09:13:43.000,70,PENDING,207,357.4,true
282,2022-09-24 21:25:25.000,71,IN_PROGRESS,23,205.4,true
284,2022-11-10 02:17:47.000,73,CANCELED,548,612.2,true
285,2022-09-18 21:31:43.000,72,PICKED_UP,87,142.7,true
286,2022-09-05 16:22:00.000,40,PICKED_UP,369,411.7,true
287,2021-11-24 17:19:30.000,27,PICKED_UP,451,707.0,true
288,2022-04-19 17:01:12.000,19,READY,681,478.7,false
289,2022-06-02 16:40:53.000,57,READY,104,814.1,false
290,2022-06-24 16:35:23.000,3,PENDING,624,868.1,true
292,2021-12-15 04:49:58.000,89,PENDING,615,680.1,false
293,2022-01-01 04:58:07.000,71,PENDING,134,179.8,false
294,2022-01-27 04:44:20.000,77,READY,894,522.9,true
295,2022-01-10 06:28:05.000,64,PICKED_UP,181,621.2,true
296,2022-06-03 12:14:29.000,76,IN_PROGRESS,535,760.4,true
297,2022-08-18 06:31:30.000,59,IN_PROGRESS,308,445.1,false
298,2022-01-04 11:52:44.000,9,READY,351,546.0,true
301,2022-02-18 03:33:44.000,18,CANCELED,901,250.1,false
302,2022-09-24 13:47:52.000,51,READY,422,867.9,false
303,2021-11-24 13:10:00.000,81,READY,745,484.1,false
304,2022-02-18 12:21:50.000,18,READY,96,855.5,true
305,2022-03-31 01:17:40.000,81,READY,852,978.3,false
308,2022-03-24 14:13:03.000,94,IN_PROGRESS,298,840.5,true
309,2021-12-30 17:32:57.000,11,COMPLETED,273,469.4,true
310,2022-07-30 09:00:35.000,22,PENDING,549,486.0,true
311,2022-04-17 13:59:04.000,86,CANCELED,688,866.0,false
312,2022-07-27 08:58:41.000,43,CANCELED,387,143.3,false
314,2022-07-20 06:21:30.000,64,PENDING,996,680.9,false
315,2022-03-06 12:49:56.000,44,CANCELED,37,170.9,false
316,2022-02-04 19:35:18.000,96,CANCELED,571,123.7,true
321,2021-12-31 23:48:44.000,41,IN_PROGRESS,290,879.3,true
322,2022-02-19 10:45:09.000,50,PENDING,661,431.0,false
323,2022-09-08 20:41:05.000,14,READY,83,507.6,false
325,2022-07-02 08:07:59.000,11,PENDING,349,802.9,false
326,2021-12-05 14:08:56.000,46,PENDING,203,59.3,true
327,2022-06-05 20:49:22.000,9,CANCELED,938,868.0,false
328,2022-03-29 13:54:19.000,80,COMPLETED,132,342.1,false
330,2022-09-19 03:10:04.000,84,PICKED_UP,585,795.1,false
331,2022-11-10 02:30:11.000,10,PICKED_UP,121,531.8,false
333,2022-03-07 06:23:45.000,69,READY,5,885.0,false
334,2022-10-23 02:07:51.000,27,PENDING,206,954.6,false
336,2022-09-08 00:25:36.000,13,IN_PROGRESS,279,516.9,true
339,2021-12-27 05:52:09.000,88,IN_PROGRESS,579,935.0,true
340,2022-03-08 05:08:25.000,57,READY,874,452.6,false
341,2022-06-14 00:52:18.000,9,PENDING,60,284.7,false
342,2022-07-24 11:46:33.000,25,READY,791,954.7,false
343,2022-08-21 01:48:25.000,27,COMPLETED,494,496.0,true
345,2022-10-29 19:22:01.000,47,COMPLETED,517,937.5,false
346,2022-09-11 21:28:24.000,13,COMPLETED,327,821.9,false
347,2022-07-10 22:32:34.000,50,PENDING,665,124.6,false
349,2022-04-10 15:54:54.000,10,COMPLETED,639,707.5,true
350,2021-12-09 14:05:20.000,52,READY,596,198.5,true
352,2022-02-26 09:29:53.000,94,CANCELED,784,213.2,false
354,2022-08-13 19:00:53.000,24,IN_PROGRESS,408,238.4,false
355,2022-09-12 03:21:10.000,73,PICKED_UP,512,608.0,false
356,2022-04-25 14:36:45.000,63,PICKED_UP,278,628.7,true
357,2022-11-21 21:45:18.000,23,PICKED_UP,952,768.9,true
362,2022-08-30 05:30:16.000,4,READY,223,278.1,true
364,2022-03-19 04:39:33.000,92,PICKED_UP,119,551.5,true
365,2022-02-07 13:48:21.000,7,PENDING,924,265.8,true
368,2022-06-14 07:36:42.000,49,READY,728,646.5,false
369,2022-05-24 01:30:57.000,35,PENDING,657,811.9,true
370,2022-10-06 12:48:14.000,33,COMPLETED,478,509.3,false
371,2022-08-15 04:36:08.000,97,PENDING,9,949.0,false
372,2022-03-23 07:13:00.000,9,CANCELED,196,770.2,false
375,2022-04-02 10:30:34.000,44,CANCELED,744,714.4,false
377,2022-06-28 07:24:28.000,27,CANCELED,947,434.4,true
379,2022-03-26 10:32:30.000,10,PICKED_UP,58,465.7,true
381,2022-07-12 12:53:45.000,18,PICKED_UP,397,742.5,false
383,2022-02-26 20:00:56.000,2,COMPLETED,432,902.5,true
386,2022-03-21 09:24:29.000,23,READY,498,339.0,true
387,2022-04-17 01:10:48.000,93,IN_PROGRESS,120,103.6,false
388,2022-01-16 01:05:47.000,41,PICKED_UP,49,348.2,true
389,2022-01-16 17:47:03.000,98,IN_PROGRESS,299,407.3,true
390,2022-08-14 23:30:15.000,98,PICKED_UP,848,964.0,true
392,2022-02-10 19:22:33.000,38,IN_PROGRESS,213,883.4,true
393,2021-12-01 22:11:34.000,7,COMPLETED,461,819.9,true
394,2022-08-19 07:43:38.000,87,READY,247,62.7,false
395,2022-02-20 13:57:37.000,62,CANCELED,921,627.9,false
396,2022-11-03 16:39:49.000,99,PICKED_UP,456,549.1,false
397,2022-08-12 07:50:50.000,17,CANCELED,364,409.5,false
398,2022-05-23 16:56:20.000,85,CANCELED,269,593.1,false
399,2022-08-06 01:06:10.000,41,IN_PROGRESS,675,380.5,true
401,2022-03-28 01:23:23.000,52,PICKED_UP,881,692.4,false
404,2022-10-23 12:42:49.000,82,COMPLETED,378,259.6,false
408,2022-07-01 08:57:02.000,6,READY,67,217.4,true
409,2021-12-01 22:16:15.000,83,PICKED_UP,176,489.3,false
410,2022-01-02 03:44:05.000,83,CANCELED,390,658.3,false
411,2022-11-04 00:38:22.000,31,IN_PROGRESS,652,978.1,true
412,2022-04-20 04:30:54.000,12,READY,984,492.4,false
416,2022-09-08 21:53:35.000,22,PENDING,118,587.5,true
417,2022-11-12 06:01:15.000,78,CANCELED,983,368.0,false
418,2022-03-06 11:43:00.000,85,PICKED_UP,804,382.3,false
419,2022-05-23 05:28:04.000,94,PENDING,640,129.0,true
420,2022-04-07 14:54:21.000,72,IN_PROGRESS,212,302.2,true
421,2022-07-24 07:23:42.000,2,CANCELED,341,324.3,false
422,2022-11-18 17:55:53.000,21,CANCELED,472,939.5,false
423,2022-04-27 02:48:13.000,87,PENDING,276,922.3,false
424,2022-03-30 04:39:18.000,73,COMPLETED,948,776.5,true
425,2022-06-18 13:56:03.000,88,COMPLETED,420,481.7,true
426,2022-01-24 13:14:19.000,78,COMPLETED,931,996.8,true
428,2022-09-09 03:44:44.000,76,IN_PROGRESS,550,936.7,false
429,2022-10-26 16:46:04.000,76,READY,780,554.7,false
430,2022-10-14 09:01:06.000,83,READY,263,183.7,true
431,2022-08-15 14:36:04.000,86,CANCELED,631,471.8,false
433,2022-08-01 05:04:57.000,68,READY,779,588.1,true
434,2022-01-21 12:01:38.000,74,COMPLETED,700,503.3,false
436,2022-10-17 07:27:56.000,84,COMPLETED,534,223.1,false
439,2022-11-13 19:58:36.000,25,COMPLETED,82,243.0,false
443,2022-10-05 15:45:36.000,30,CANCELED,965,193.8,true
444,2022-09-20 03:57:35.000,65,PENDING,544,322.9,false
446,2022-06-04 21:48:13.000,3,PICKED_UP,936,985.7,true
447,2022-02-20 16:03:02.000,48,IN_PROGRESS,763,219.3,true
448,2022-11-02 17:02:01.000,46,PICKED_UP,368,599.8,false
449,2021-12-15 11:11:36.000,98,PICKED_UP,610,110.0,false
450,2022-04-07 14:07:33.000,17,CANCELED,828,298.9,true
452,2022-09-06 00:52:51.000,61,PENDING,887,112.3,false
453,2022-02-12 16:50:29.000,47,PENDING,280,594.3,true
454,2022-07-11 01:07:45.000,50,COMPLETED,161,952.1,true
456,2022-05-15 02:16:50.000,41,PENDING,953,192.1,true
459,2022-08-12 03:44:01.000,3,PICKED_UP,654,706.8,true
460,2022-11-09 06:13:10.000,74,READY,415,81.8,false
463,2022-04-02 11:02:46.000,10,IN_PROGRESS,864,927.6,true
464,2022-03-25 13:43:10.000,78,CANCELED,449,622.3,false
465,2022-01-27 04:20:46.000,21,IN_PROGRESS,93,116.7,true
466,2022-07-15 05:26:19.000,25,CANCELED,21,340.8,false
467,2022-02-23 09:58:24.000,32,IN_PROGRESS,612,636.7,true
468,2022-05-01 17:58:52.000,40,COMPLETED,814,405.5,true
470,2022-10-31 16:39:14.000,89,COMPLETED,356,825.1,true
471,2022-04-29 17:43:16.000,62,PICKED_UP,59,722.4,false
472,2022-11-11 00:20:42.000,28,COMPLETED,872,760.9,false
473,2022-06-03 17:08:45.000,30,COMPLETED,702,866.3,false
475,2022-10-02 06:59:22.000,23,READY,738,887.6,true
478,2022-03-22 20:28:35.000,26,PICKED_UP,36,856.8,false
480,2022-01-13 17:42:18.000,100,PENDING,627,113.1,false
483,2021-12-20 01:33:58.000,36,READY,396,305.7,true
484,2022-04-15 19:22:33.000,77,PENDING,205,593.8,false
485,2022-06-25 22:25:03.000,93,COMPLETED,513,292.6,true
486,2022-02-03 12:44:11.000,1,READY,857,535.2,true
487,2022-03-17 06:39:18.000,54,PENDING,426,216.9,false
488,2022-10-02 22:52:52.000,81,COMPLETED,831,466.0,true
489,2022-02-26 06:25:01.000,73,COMPLETED,409,271.7,false
491,2022-07-11 11:07:49.000,77,PICKED_UP,943,381.3,true
493,2022-08-06 15:32:50.000,97,READY,832,739.2,false
494,2022-08-31 13:06:23.000,30,PICKED_UP,335,828.3,true
495,2022-01-10 01:47:43.000,47,PENDING,379,710.3,true
496,2022-09-03 19:56:22.000,37,COMPLETED,238,595.1,true
497,2021-12-02 20:10:58.000,53,COMPLETED,622,547.2,true
498,2022-06-12 23:19:10.000,98,CANCELED,516,305.0,true
499,2022-08-15 01:18:40.000,100,IN_PROGRESS,413,195.0,true
502,2022-04-19 08:12:20.000,80,PENDING,438,822.2,false
505,2022-06-02 04:39:37.000,34,IN_PROGRESS,17,563.2,true
506,2022-07-13 20:58:24.000,42,PENDING,505,109.5,false
508,2022-02-17 18:05:27.000,48,CANCELED,632,169.1,true
509,2022-10-02 17:47:00.000,61,IN_PROGRESS,939,665.2,true
510,2022-08-18 02:18:11.000,50,COMPLETED,55,943.8,true
511,2021-12-20 06:55:07.000,2,PICKED_UP,964,178.7,true
513,2022-05-09 12:46:32.000,64,READY,32,908.6,true
514,2022-10-24 18:22:53.000,77,PENDING,337,54.9,true
515,2022-01-04 04:20:55.000,64,IN_PROGRESS,604,658.5,true
516,2022-02-03 17:53:34.000,88,READY,262,204.1,false
519,2022-11-01 22:38:27.000,15,READY,808,880.2,true
521,2022-10-31 07:36:32.000,85,PENDING,393,455.5,false
522,2022-02-11 07:10:38.000,98,COMPLETED,666,198.4,false
523,2022-09-18 06:18:31.000,45,IN_PROGRESS,793,107.5,true
525,2022-02-18 02:44:57.000,63,PICKED_UP,731,301.8,true
526,2021-11-26 20:21:19.000,1,READY,158,800.8,false
527,2022-03-12 14:23:55.000,2,CANCELED,317,751.4,false
529,2022-02-04 19:29:04.000,1,CANCELED,633,592.0,true
531,2022-07-23 03:32:20.000,87,CANCELED,455,247.0,true
536,2022-06-28 13:47:45.000,81,COMPLETED,30,466.9,true
539,2021-12-01 07:38:56.000,23,CANCELED,170,691.4,true
540,2021-12-17 16:57:38.000,89,PICKED_UP,140,871.7,false
542,2022-05-01 09:19:13.000,99,CANCELED,545,852.4,false
546,2022-08-10 16:37:16.000,71,PICKED_UP,3,524.5,false
547,2022-09-21 15:36:53.000,94,PENDING,580,902.8,false
549,2022-03-07 03:25:11.000,69,READY,496,96.6,true
550,2021-12-21 07:38:56.000,65,PENDING,453,894.2,true
552,2022-01-25 08:03:42.000,18,PICKED_UP,209,83.9,true
554,2022-10-22 19:03:00.000,35,CANCELED,842,539.1,true
555,2022-08-20 04:15:04.000,7,READY,749,954.1,true
556,2022-01-11 10:17:38.000,68,CANCELED,366,683.0,true
558,2022-01-25 22:42:06.000,89,PICKED_UP,503,741.2,true
561,2022-07-03 00:33:22.000,48,COMPLETED,459,192.2,true
563,2022-10-14 03:53:04.000,11,PICKED_UP,662,613.3,false
564,2022-04-12 08:27:27.000,4,PENDING,797,112.4,false
565,2022-01-12 18:37:14.000,30,READY,222,157.6,true
566,2021-12-31 16:37:59.000,75,READY,923,631.9,false
567,2022-02-21 02:14:05.000,97,READY,108,74.7,true
568,2022-05-15 07:22:53.000,10,COMPLETED,248,633.9,false
569,2022-06-10 18:21:25.000,40,READY,703,782.7,true
572,2022-01-18 07:24:01.000,73,IN_PROGRESS,937,371.7,true
573,2022-04-16 22:59:18.000,44,PENDING,177,388.7,false
574,2022-11-17 22:59:01.000,90,PICKED_UP,740,222.4,false
575,2022-10-09 00:51:18.000,65,PENDING,861,913.0,true
576,2022-06-10 03:38:19.000,37,CANCELED,510,559.0,true
578,2022-05-05 22:26:58.000,90,PICKED_UP,754,304.5,true
580,2022-08-31 00:10:06.000,22,PICKED_UP,994,264.3,false
583,2022-02-12 23:16:28.000,13,COMPLETED,541,960.3,true
584,2021-12-01 01:20:32.000,71,CANCELED,314,513.6,true
585,2022-11-11 15:53:22.000,21,CANCELED,701,453.1,false
587,2022-05-04 10:34:06.000,10,PENDING,875,917.4,false
588,2022-07-30 20:04:14.000,17,COMPLETED,200,305.9,false
590,2022-05-15 02:27:46.000,98,READY,244,802.0,true
591,2022-10-04 18:13:13.000,48,PICKED_UP,742,332.2,false
593,2022-06-11 13:49:14.000,96,CANCELED,667,917.4,false
594,2022-06-24 10:14:11.000,61,PENDING,989,159.4,true
595,2022-06-22 09:25:17.000,80,PENDING,16,412.6,true
596,2022-09-26 17:20:19.000,76,READY,867,912.9,false
597,2022-03-04 23:10:16.000,35,PENDING,295,179.6,false
598,2022-08-24 11:41:03.000,26,IN_PROGRESS,629,209.2,true
602,2022-04-21 19:56:22.000,24,READY,613,714.2,true
605,2022-03-12 20:44:16.000,42,PICKED_UP,986,219.1,true
606,2022-09-21 15:57:50.000,19,READY,90,778.6,false
607,2022-04-10 08:24:24.000,51,IN_PROGRESS,958,950.2,true
608,2022-10-12 08:08:15.000,44,CANCELED,914,905.3,true
610,2022-10-13 02:52:13.000,19,IN_PROGRESS,400,511.6,true
611,2021-12-03 11:05:22.000,25,COMPLETED,333,995.2,false
612,2022-02-01 09:10:22.000,82,CANCELED,106,159.0,false
614,2022-10-02 08:39:51.000,14,PENDING,319,761.8,false
615,2022-06-04 18:33:50.000,51,COMPLETED,143,355.3,true
616,2022-07-29 18:21:40.000,44,PENDING,71,551.1,false
619,2022-06-11 20:14:05.000,4,PENDING,834,184.6,true
620,2022-08-09 20:59:18.000,72,COMPLETED,154,532.9,false
622,2021-12-02 10:45:54.000,22,READY,908,704.6,false
624,2021-12-25 21:14:55.000,49,CANCELED,977,433.0,true
625,2021-12-02 00:14:28.000,17,READY,179,790.8,true
626,2022-03-31 04:44:08.000,67,CANCELED,103,319.2,false
627,2022-07-31 07:52:19.000,43,IN_PROGRESS,862,513.8,true
629,2022-03-06 01:17:04.000,3,PENDING,91,922.9,false
630,2022-03-09 07:02:44.000,96,CANCELED,304,627.5,false
631,2022-05-25 19:31:37.000,50,COMPLETED,354,883.4,true
636,2022-06-04 01:09:49.000,87,PENDING,380,685.9,true
638,2022-04-21 07:56:43.000,72,CANCELED,444,498.4,true
640,2022-10-10 07:25:07.000,11,COMPLETED,38,926.3,false
643,2022-05-08 20:10:21.000,90,PENDING,425,287.0,true
645,2022-07-08 13:15:26.000,25,CANCELED,57,742.7,true
646,2022-01-27 05:51:43.000,19,COMPLETED,127,649.4,false
647,2022-06-08 18:08:59.000,54,PICKED_UP,957,123.8,false
649,2022-03-18 20:08:48.000,92,CANCELED,325,143.6,false
650,2022-01-23 12:11:47.000,15,READY,758,804.2,false
651,2022-07-13 16:39:01.000,94,COMPLETED,460,284.6,false
653,2021-12-20 16:49:33.000,26,CANCELED,570,98.2,true
654,2022-02-20 08:57:48.000,16,COMPLETED,606,321.2,true
657,2022-01-31 20:29:16.000,85,COMPLETED,239,195.6,false
658,2022-08-09 21:02:46.000,40,READY,69,644.4,false
659,2022-01-15 03:06:59.000,62,PENDING,766,353.2,false
661,2022-10-11 19:19:00.000,50,IN_PROGRESS,274,549.3,true
662,2022-05-14 20:12:39.000,18,IN_PROGRESS,410,182.7,false
664,2022-04-13 20:30:46.000,68,CANCELED,265,140.1,false
666,2021-11-25 05:40:13.000,70,PICKED_UP,446,340.7,false
668,2022-03-08 00:22:56.000,47,COMPLETED,65,405.7,false
669,2022-10-22 02:44:39.000,71,IN_PROGRESS,180,883.6,true
673,2022-01-23 08:01:08.000,96,PENDING,670,658.8,true
674,2022-02-02 11:39:36.000,52,PICKED_UP,577,714.8,false
675,2021-12-30 12:02:25.000,27,CANCELED,424,614.8,false
676,2022-01-19 14:29:55.000,92,PENDING,625,169.6,false
677,2022-06-15 15:57:37.000,27,COMPLETED,117,590.3,false
678,2022-06-22 08:23:43.000,55,READY,634,52.9,false
683,2022-08-26 06:00:39.000,100,IN_PROGRESS,515,900.6,true
684,2022-04-26 10:06:31.000,30,PENDING,302,829.8,true
685,2022-10-08 01:48:05.000,33,READY,649,741.3,true
689,2022-01-04 04:38:22.000,49,COMPLETED,48,382.5,false
690,2022-09-01 06:20:00.000,1,CANCELED,974,367.6,true
694,2022-03-14 15:16:22.000,23,READY,519,890.2,false
695,2021-12-12 20:51:31.000,58,PICKED_UP,174,145.9,false
701,2022-05-12 11:22:06.000,70,PENDING,521,211.5,true
702,2022-10-18 20:55:48.000,33,PENDING,217,198.8,false
703,2022-10-13 14:28:36.000,54,IN_PROGRESS,646,911.3,true
704,2022-06-05 06:06:12.000,86,PENDING,725,888.1,false
707,2022-05-24 08:06:21.000,94,CANCELED,922,337.7,true
709,2022-09-13 08:59:05.000,13,IN_PROGRESS,963,683.4,false
710,2022-07-18 08:39:46.000,72,READY,297,318.6,false
711,2022-03-19 18:32:17.000,97,PICKED_UP,218,431.1,false
712,2022-11-09 23:16:52.000,3,CANCELED,12,168.4,false
713,2022-10-26 12:50:01.000,77,COMPLETED,142,601.0,true
714,2021-11-25 11:18:56.000,13,COMPLETED,172,484.7,true
716,2022-08-28 06:59:17.000,73,READY,281,143.9,false
718,2022-10-13 07:49:34.000,16,READY,584,852.5,true
719,2022-09-11 02:11:40.000,21,PENDING,781,482.5,false
720,2022-07-08 05:55:46.000,60,IN_PROGRESS,562,330.2,false
722,2022-04-05 07:46:37.000,17,READY,402,485.3,true
724,2022-08-05 20:47:14.000,15,IN_PROGRESS,471,216.8,false
726,2022-04-20 04:27:53.000,62,PICKED_UP,586,238.4,true
731,2021-12-14 10:47:30.000,38,PENDING,959,451.8,false
732,2022-04-25 02:46:02.000,44,COMPLETED,294,211.0,false
733,2022-08-01 09:31:51.000,64,COMPLETED,743,644.8,false
736,2022-09-01 17:45:58.000,2,CANCELED,480,811.5,false
737,2021-12-15 00:45:19.000,48,PENDING,193,312.0,false
738,2022-02-05 02:25:06.000,69,READY,988,125.8,false
740,2021-12-06 20:48:36.000,93,IN_PROGRESS,50,548.0,false
742,2022-05-20 19:06:59.000,37,PICKED_UP,674,355.8,false
744,2022-07-18 13:41:09.000,1,CANCELED,798,575.5,false
746,2022-05-13 11:52:26.000,65,CANCELED,389,676.1,true
747,2022-08-29 21:44:53.000,56,READY,844,934.0,true
748,2022-09-11 07:57:03.000,4,PENDING,323,975.4,false
749,2022-01-22 08:39:32.000,54,PICKED_UP,856,880.9,false
750,2022-06-05 21:00:05.000,74,PICKED_UP,520,182.1,true
751,2022-05-08 08:01:43.000,25,COMPLETED,452,433.6,true
757,2022-07-08 16:21:10.000,68,CANCELED,8,627.3,false
759,2022-06-30 19:12:05.000,24,COMPLETED,768,667.6,false
760,2022-07-12 13:54:32.000,80,PENDING,367,932.1,false
761,2022-03-15 12:39:33.000,76,READY,720,601.8,false
765,2022-07-20 17:58:54.000,19,PICKED_UP,495,754.5,true
766,2022-10-06 22:21:29.000,19,IN_PROGRESS,664,516.5,true
767,2022-07-27 14:37:09.000,64,READY,975,279.2,true
768,2022-09-07 19:49:22.000,6,CANCELED,789,96.4,false
770,2022-03-30 19:48:32.000,58,COMPLETED,697,744.1,false
771,2022-08-24 04:28:59.000,80,READY,250,323.0,true
772,2022-08-15 01:26:41.000,73,PICKED_UP,286,157.7,false
773,2022-07-02 20:49:47.000,87,READY,998,380.1,false
774,2022-04-07 20:06:10.000,7,READY,628,506.1,true
775,2022-03-11 09:26:13.000,8,PICKED_UP,411,408.8,false
780,2022-02-05 07:33:02.000,64,READY,227,911.3,false
781,2022-05-20 02:11:01.000,77,IN_PROGRESS,254,537.0,false
785,2022-06-21 06:26:04.000,59,COMPLETED,429,547.0,false
788,2022-01-03 15:45:19.000,57,COMPLETED,321,425.7,false
789,2022-10-24 00:28:20.000,34,IN_PROGRESS,589,398.8,false
790,2022-08-31 13:14:21.000,12,CANCELED,885,722.8,false
791,2022-08-19 09:20:41.000,54,CANCELED,11,644.5,true
792,2022-09-16 00:08:46.000,95,PICKED_UP,66,416.8,false
793,2021-11-28 00:39:17.000,42,PICKED_UP,27,984.8,false
794,2022-04-21 13:05:29.000,21,COMPLETED,552,188.0,false
797,2022-08-03 18:24:13.000,5,COMPLETED,739,789.3,false
799,2022-08-29 03:56:31.000,45,COMPLETED,175,438.8,true
800,2022-10-21 06:20:46.000,26,COMPLETED,511,943.0,true
801,2022-10-08 10:38:35.000,98,IN_PROGRESS,643,798.6,true
811,2022-05-31 19:09:43.000,66,READY,20,308.4,false
812,2022-09-13 22:39:56.000,41,CANCELED,602,524.4,true
817,2022-02-02 06:36:20.000,88,IN_PROGRESS,618,553.9,false
819,2022-08-03 07:36:26.000,19,PICKED_UP,355,981.4,true
821,2022-04-12 20:52:14.000,52,COMPLETED,971,518.8,true
823,2022-10-29 07:21:07.000,54,IN_PROGRESS,224,413.6,true
824,2022-09-05 14:43:31.000,19,CANCELED,909,987.7,false
825,2022-04-29 16:09:59.000,49,READY,960,491.1,false
827,2022-01-01 11:58:31.000,35,COMPLETED,786,783.3,false
829,2022-06-29 22:29:01.000,89,READY,686,678.8,false
830,2022-01-04 04:45:08.000,83,COMPLETED,813,427.8,false
835,2022-02-24 07:33:49.000,92,PENDING,673,474.8,false
837,2022-02-12 02:00:39.000,65,CANCELED,291,309.5,false
838,2022-06-16 04:31:08.000,74,COMPLETED,761,817.1,true
839,2022-04-04 16:07:03.000,72,IN_PROGRESS,357,257.4,false
842,2022-02-28 06:10:31.000,58,CANCELED,886,963.1,true
847,2022-10-31 21:09:38.000,52,PENDING,764,882.0,true
848,2022-08-06 14:23:01.000,63,PICKED_UP,441,133.2,true
851,2022-03-02 00:41:35.000,51,CANCELED,829,118.0,true
854,2022-04-06 09:03:15.000,41,PICKED_UP,329,148.8,false
855,2022-04-30 08:54:21.000,27,PICKED_UP,184,835.7,true
856,2022-01-08 07:24:27.000,77,CANCELED,392,322.3,true
863,2022-09-18 06:06:38.000,59,CANCELED,340,362.8,true
865,2022-05-23 03:27:53.000,1,READY,815,96.8,false
866,2022-02-09 16:35:52.000,94,IN_PROGRESS,776,616.1,true
869,2022-02-21 06:16:29.000,54,READY,152,262.9,false
870,2021-12-20 14:55:13.000,82,PENDING,903,513.5,true
873,2022-11-23 14:39:13.000,2,CANCELED,574,704.7,false
875,2022-05-31 04:20:15.000,96,IN_PROGRESS,941,776.7,false
878,2022-08-21 02:18:27.000,76,PENDING,348,728.8,true
882,2022-04-07 20:03:50.000,75,READY,904,747.5,true
883,2022-05-16 04:33:08.000,97,PICKED_UP,587,909.1,false
884,2022-03-31 18:50:58.000,26,PICKED_UP,235,807.2,true
887,2022-11-15 19:51:17.000,4,CANCELED,693,959.3,false
889,2022-04-09 06:32:33.000,24,COMPLETED,324,800.5,true
900,2022-10-08 14:04:10.000,19,IN_PROGRESS,771,563.8,true
901,2022-06-19 02:38:32.000,44,READY,257,797.6,false
906,2022-03-17 21:16:53.000,53,CANCELED,767,377.5,false
907,2022-03-05 23:24:49.000,37,CANCELED,192,494.7,false
908,2022-08-28 18:22:49.000,68,PENDING,810,213.5,false
910,2022-01-02 20:15:41.000,85,PENDING,716,147.6,false
912,2021-12-14 18:25:32.000,23,CANCELED,114,167.5,false
917,2022-01-24 16:45:38.000,39,PICKED_UP,821,904.3,true
921,2022-08-30 15:22:05.000,30,READY,233,375.3,true
924,2022-02-20 16:17:52.000,3,COMPLETED,775,132.5,false
929,2022-09-28 16:32:46.000,79,PENDING,448,510.2,false
932,2022-08-03 19:43:22.000,65,PICKED_UP,124,195.0,false
933,2021-12-02 12:41:03.000,13,CANCELED,267,371.6,true
944,2022-11-13 00:55:38.000,50,READY,260,737.6,true
945,2021-12-28 23:22:27.000,47,PENDING,785,663.7,true
951,2022-05-17 11:14:47.000,73,IN_PROGRESS,690,322.3,false
954,2021-12-24 00:59:24.000,43,READY,171,357.1,true
956,2022-04-07 20:57:48.000,100,IN_PROGRESS,350,794.4,true
959,2022-05-09 22:26:55.000,28,CANCELED,778,374.9,false
963,2022-08-09 15:35:46.000,37,PENDING,663,569.7,false
966,2022-10-19 17:24:41.000,43,CANCELED,312,428.1,false
973,2022-09-06 13:23:13.000,93,READY,759,833.6,true
975,2022-09-16 11:22:25.000,65,PICKED_UP,830,508.5,true
976,2022-03-05 08:46:45.000,35,PICKED_UP,853,458.6,true
977,2022-09-23 20:16:42.000,49,PENDING,560,298.7,true
978,2022-10-11 18:29:05.000,50,IN_PROGRESS,845,324.7,true
979,2022-08-01 03:59:31.000,30,CANCELED,543,455.0,true
980,2022-02-12 21:37:18.000,5,IN_PROGRESS,756,398.2,false
983,2021-12-27 11:53:48.000,6,PICKED_UP,905,315.6,false
986,2021-12-08 01:41:19.000,1,PENDING,730,957.9,false
987,2022-02-24 13:01:15.000,63,READY,641,629.3,false
991,2022-07-23 11:58:43.000,38,PICKED_UP,386,465.0,false
992,2022-05-23 12:13:55.000,66,COMPLETED,590,988.9,true
996,2021-12-16 18:58:41.000,54,PENDING,13,513.2,false
997,2021-12-28 03:02:02.000,35,CANCELED,88,589.6,true
999,2022-03-20 04:25:02.000,2,IN_PROGRESS,133,829.0,true
1006,2021-12-05 10:45:19.000,35,IN_PROGRESS,363,687.1,true
1009,2022-11-21 19:17:33.000,40,IN_PROGRESS,328,579.2,false
1010,2022-10-15 03:30:19.000,58,COMPLETED,111,915.5,true
1015,2022-01-01 05:29:54.000,26,COMPLETED,149,300.3,false
1016,2022-05-12 18:16:51.000,14,COMPLETED,500,777.0,true
1020,2021-12-12 16:43:53.000,6,COMPLETED,882,149.7,false
1025,2021-11-30 20:19:52.000,100,PICKED_UP,539,196.6,true
1029,2022-01-20 23:13:34.000,53,COMPLETED,706,227.8,true
1036,2022-11-18 01:10:55.000,37,COMPLETED,722,124.9,true
1042,2022-10-20 18:58:50.000,100,IN_PROGRESS,794,337.2,false
1043,2022-07-02 04:31:41.000,32,IN_PROGRESS,605,359.6,true
1047,2022-09-14 04:30:58.000,26,READY,542,259.6,false
1050,2022-02-20 10:22:16.000,8,COMPLETED,599,508.1,false
1051,2022-07-17 04:28:00.000,32,PENDING,61,78.5,false
1054,2022-06-10 20:25:58.000,63,IN_PROGRESS,272,503.9,true
1056,2022-06-18 13:11:59.000,84,READY,225,843.9,false
1057,2022-08-08 22:27:20.000,44,PICKED_UP,372,894.1,true
1060,2022-04-28 01:41:37.000,59,PENDING,843,378.7,false
1062,2022-11-15 02:22:46.000,70,COMPLETED,724,635.6,false
1064,2022-11-11 23:36:52.000,96,CANCELED,473,400.7,true
1065,2022-11-22 15:31:01.000,98,PICKED_UP,447,852.3,true
1066,2022-07-26 08:10:58.000,45,PICKED_UP,533,560.9,true
1068,2022-09-21 04:15:36.000,47,READY,636,169.2,true
1070,2022-09-08 06:36:57.000,81,READY,888,416.2,false
1075,2022-06-19 06:05:02.000,65,COMPLETED,488,876.7,true
1078,2022-05-21 14:40:06.000,39,PENDING,910,372.5,false
1082,2022-01-12 08:24:47.000,51,PENDING,259,556.9,false
1086,2022-06-04 19:10:36.000,2,READY,642,249.3,false
1091,2021-12-18 06:09:30.000,53,COMPLETED,436,865.1,true
1099,2022-08-03 14:07:52.000,90,PICKED_UP,526,818.2,true
1105,2021-12-17 17:45:15.000,54,PENDING,616,663.4,true
1106,2022-07-07 01:28:22.000,62,PICKED_UP,483,883.2,false
1108,2022-10-20 18:45:09.000,6,READY,167,976.1,false
1109,2022-11-17 19:45:03.000,32,READY,435,226.2,false
1110,2022-03-07 00:28:56.000,78,PICKED_UP,251,723.2,true
1112,2022-04-02 11:06:45.000,37,PICKED_UP,382,263.8,false
1123,2022-06-09 21:46:12.000,14,CANCELED,70,202.2,false
1124,2021-12-27 11:28:19.000,45,READY,236,519.7,true
1126,2022-05-16 11:50:53.000,40,PICKED_UP,292,137.5,false
1127,2022-09-23 13:41:52.000,27,COMPLETED,190,173.9,true
1130,2022-07-03 15:03:28.000,34,READY,418,685.9,true
1131,2021-11-26 01:25:48.000,32,COMPLETED,753,623.7,false
1137,2022-06-30 14:38:25.000,26,PENDING,470,157.8,false
1143,2022-09-06 21:39:41.000,71,COMPLETED,388,320.3,false
1144,2022-07-11 08:26:57.000,79,READY,485,804.9,true
1145,2022-05-04 18:00:49.000,71,READY,691,245.6,true
1147,2022-10-19 14:55:11.000,3,PICKED_UP,648,830.2,false
1149,2022-06-04 10:12:05.000,24,COMPLETED,782,628.0,true
1152,2022-08-27 17:21:27.000,77,CANCELED,892,723.4,false
1162,2022-10-13 13:10:45.000,44,IN_PROGRESS,454,58.7,true
1164,2022-04-08 03:31:39.000,30,READY,489,189.1,false
1167,2022-04-16 21:44:37.000,11,PICKED_UP,43,949.2,false
1175,2022-08-28 16:13:58.000,96,PICKED_UP,25,913.7,false
1176,2022-10-21 15:04:51.000,34,PICKED_UP,523,955.8,false
1177,2022-06-19 07:06:59.000,26,IN_PROGRESS,855,627.9,true
1181,2021-12-21 16:32:51.000,13,PICKED_UP,481,776.7,false
1183,2022-04-15 02:34:20.000,62,PICKED_UP,115,103.0,true
1184,2022-06-26 07:06:21.000,38,PENDING,695,740.4,false
1186,2022-06-04 23:38:56.000,41,COMPLETED,945,884.7,false
1187,2022-11-05 17:46:40.000,85,PICKED_UP,583,607.3,false
1192,2022-07-21 16:12:57.000,55,CANCELED,689,802.1,true
1194,2022-10-21 03:45:02.000,66,IN_PROGRESS,499,951.0,false
1196,2022-01-05 03:04:22.000,79,READY,147,354.4,true
1201,2022-07-05 18:16:20.000,68,COMPLETED,611,921.6,true
1204,2022-04-02 18:56:46.000,77,COMPLETED,138,70.8,false
1206,2022-02-06 11:24:00.000,49,COMPLETED,123,956.6,false
1217,2022-03-21 20:30:01.000,2,READY,979,868.3,false
1219,2022-06-07 15:09:21.000,27,PICKED_UP,551,502.2,false
1222,2022-06-14 05:59:08.000,69,PICKED_UP,343,908.2,true
1224,2022-04-21 11:15:48.000,9,READY,788,786.4,false
1229,2022-03-11 20:38:42.000,57,COMPLETED,458,531.3,true
1230,2022-07-05 00:07:09.000,72,CANCELED,113,480.3,false
1233,2022-08-28 23:41:40.000,7,PENDING,316,86.5,false
1236,2022-07-15 17:10:23.000,23,PENDING,102,845.9,true
1240,2022-03-20 08:13:20.000,18,COMPLETED,603,424.4,false
1245,2022-04-22 22:03:15.000,100,PICKED_UP,823,805.9,true
1250,2021-12-13 11:50:20.000,16,READY,818,939.3,false
1251,2022-03-12 00:33:22.000,69,READY,457,166.5,true
1252,2022-03-17 15:48:17.000,44,PENDING,968,483.5,false
1257,2021-12-14 13:02:09.000,91,PENDING,76,549.7,true
1258,2022-03-18 01:49:37.000,76,READY,166,816.9,false
1260,2022-06-28 09:16:35.000,81,CANCELED,431,440.5,true
1265,2022-04-20 17:16:47.000,13,PENDING,682,657.2,true
1268,2022-05-07 06:26:35.000,58,READY,896,95.9,true
1276,2022-01-27 01:12:31.000,59,IN_PROGRESS,371,804.5,false
1283,2022-03-13 05:16:21.000,14,IN_PROGRESS,593,367.3,true
1287,2022-09-04 20:38:17.000,83,IN_PROGRESS,955,855.2,true
1288,2022-06-02 14:24:11.000,47,PICKED_UP,561,227.3,true
1290,2021-12-03 22:02:06.000,61,PENDING,529,712.5,true
1294,2021-11-26 06:11:02.000,14,PENDING,651,179.9,true
1296,2022-10-19 21:00:04.000,70,READY,24,592.4,true
1301,2022-09-19 01:24:45.000,75,IN_PROGRESS,242,972.9,true
1304,2021-12-12 20:23:27.000,38,COMPLETED,331,493.7,false
1305,2022-01-05 16:26:39.000,40,IN_PROGRESS,850,994.7,true
1309,2022-03-24 16:07:27.000,29,IN_PROGRESS,89,819.0,false
1310,2022-01-12 22:43:25.000,69,IN_PROGRESS,715,197.4,true
1316,2022-09-29 10:31:13.000,53,PENDING,353,929.8,true
1321,2022-04-20 13:55:24.000,5,COMPLETED,243,254.8,false
1323,2022-03-30 17:50:30.000,20,COMPLETED,944,492.3,false
1328,2022-02-03 13:37:20.000,77,PENDING,623,502.2,false
1333,2022-09-08 19:42:28.000,12,PENDING,522,289.0,true
1335,2021-11-24 17:18:10.000,61,COMPLETED,962,282.7,false
1339,2022-09-08 07:06:50.000,4,CANCELED,307,711.9,true
1340,2022-09-02 18:56:13.000,73,PENDING,311,660.8,false
1342,2022-08-24 19:54:20.000,35,READY,707,812.1,false
1347,2022-02-05 02:47:32.000,32,CANCELED,26,178.9,true
1351,2021-12-09 07:06:36.000,29,PICKED_UP,99,487.3,false
1354,2022-08-26 04:40:24.000,80,CANCELED,563,766.6,true
1364,2022-04-17 18:04:28.000,93,PICKED_UP,991,652.4,false
1367,2022-02-02 07:52:50.000,81,PICKED_UP,827,691.9,false
1370,2022-06-02 10:39:57.000,99,IN_PROGRESS,803,800.5,false
1385,2022-08-16 00:12:45.000,16,READY,530,318.8,false
1398,2022-03-13 17:31:57.000,37,IN_PROGRESS,912,847.4,false
1399,2022-01-21 04:14:52.000,78,CANCELED,799,336.8,false
1404,2022-07-27 16:33:08.000,93,READY,289,872.6,false
1406,2022-06-07 17:51:51.000,18,PENDING,68,562.5,false
1407,2022-03-05 15:39:23.000,5,READY,77,583.1,false
1408,2022-04-13 12:52:56.000,59,CANCELED,416,191.5,false
1409,2022-02-07 21:55:04.000,38,READY,464,522.9,false
1411,2022-06-03 12:35:25.000,79,PICKED_UP,52,816.5,false
1420,2022-05-21 05:31:44.000,12,PICKED_UP,656,959.2,true
1421,2022-08-27 00:31:54.000,7,COMPLETED,685,133.0,false
1423,2022-03-21 03:20:24.000,10,CANCELED,305,879.0,false
1430,2022-04-24 13:19:15.000,80,IN_PROGRESS,919,705.2,false
1432,2022-05-28 20:53:14.000,26,IN_PROGRESS,581,978.0,false
1438,2022-02-15 18:03:45.000,88,CANCELED,501,340.9,false
1440,2021-12-09 21:58:36.000,3,PICKED_UP,806,584.9,false
1448,2022-07-06 21:03:04.000,71,PICKED_UP,361,544.4,true
1450,2022-01-03 14:29:15.000,92,IN_PROGRESS,692,682.0,false
1453,2022-10-20 15:43:39.000,41,PICKED_UP,442,659.9,true
1458,2022-07-01 16:21:12.000,84,COMPLETED,234,395.7,true
1460,2022-04-12 13:29:41.000,70,CANCELED,976,570.1,true
1464,2021-12-16 14:00:45.000,48,IN_PROGRESS,345,288.1,false
1467,2022-01-15 23:22:16.000,32,IN_PROGRESS,985,853.5,false
1473,2022-11-05 03:46:59.000,51,COMPLETED,556,632.7,true
1474,2022-02-17 23:05:50.000,33,COMPLETED,306,621.4,true
1478,2022-02-12 13:37:01.000,82,COMPLETED,101,722.6,true
1482,2021-12-22 09:53:09.000,90,PENDING,159,88.6,true
1486,2022-02-08 14:35:59.000,100,CANCELED,332,469.8,false
1488,2022-11-02 22:20:48.000,71,IN_PROGRESS,792,974.8,true
1491,2022-02-01 04:33:06.000,3,CANCELED,717,394.2,true
1492,2022-09-04 17:00:44.000,69,PENDING,972,436.1,true
1493,2022-06-02 04:27:16.000,40,IN_PROGRESS,145,710.6,false
1496,2022-10-04 04:58:52.000,68,CANCELED,31,355.0,true
1497,2022-06-08 16:08:19.000,70,PICKED_UP,359,963.5,false
1505,2021-12-07 01:55:26.000,41,CANCELED,770,884.4,true
1511,2021-12-16 05:20:38.000,9,CANCELED,607,445.1,false
1513,2022-04-28 01:34:46.000,7,PENDING,609,858.9,false
1515,2022-04-11 02:45:30.000,34,READY,838,906.5,false
1516,2022-08-22 07:38:20.000,84,PENDING,601,448.3,true
1517,2022-05-26 14:05:22.000,77,PICKED_UP,221,372.4,false
1519,2022-07-30 19:17:15.000,49,COMPLETED,261,140.6,false
1522,2022-10-17 11:29:53.000,86,COMPLETED,42,434.9,true
1533,2022-07-30 02:20:43.000,49,READY,126,379.0,false
1548,2022-08-25 15:49:57.000,74,READY,538,327.6,true
1551,2022-11-20 16:52:12.000,84,READY,15,724.4,true
1556,2022-11-08 08:04:28.000,88,CANCELED,73,647.0,true
1560,2022-01-24 13:52:40.000,3,IN_PROGRESS,437,382.4,false
1563,2022-03-31 09:40:08.000,93,CANCELED,961,694.5,false
1565,2022-08-08 15:47:20.000,3,PICKED_UP,191,825.0,true
1574,2022-10-30 05:52:38.000,71,READY,900,657.1,false
1593,2022-01-24 17:47:36.000,38,CANCELED,849,254.6,false
1616,2022-09-04 20:27:14.000,12,PICKED_UP,105,342.6,false
1622,2022-04-10 19:44:54.000,91,CANCELED,514,425.4,false
1624,2022-04-15 09:05:12.000,95,READY,680,75.5,false
1626,2022-08-30 02:04:09.000,5,READY,906,760.4,true
1627,2022-02-06 16:20:33.000,88,READY,576,824.9,true
1638,2022-10-15 02:15:54.000,92,CANCELED,352,249.1,true
1641,2022-08-21 06:21:19.000,98,PENDING,195,303.5,true
1642,2022-03-30 08:44:50.000,21,PENDING,620,81.4,true
1644,2022-07-24 12:58:38.000,72,COMPLETED,245,860.6,false
1657,2022-04-14 17:28:45.000,10,READY,899,303.6,false
1664,2022-04-03 01:55:02.000,44,PICKED_UP,811,116.4,true
1679,2022-08-24 23:08:22.000,17,IN_PROGRESS,559,973.2,false
1688,2022-07-14 19:55:00.000,68,IN_PROGRESS,412,756.1,true
1694,2022-08-25 17:02:02.000,45,IN_PROGRESS,719,645.4,true
1696,2022-01-07 05:17:54.000,3,PICKED_UP,39,755.8,false
1697,2022-08-11 04:30:52.000,23,IN_PROGRESS,676,609.1,false
1702,2022-04-29 05:56:45.000,50,COMPLETED,704,348.8,true
1703,2022-06-20 06:15:18.000,4,IN_PROGRESS,773,562.2,false
1705,2022-06-05 04:10:46.000,29,CANCELED,949,972.1,false
1709,2022-07-31 16:50:24.000,30,IN_PROGRESS,595,339.2,true
1714,2022-06-25 18:06:24.000,42,READY,391,623.7,true
1716,2022-08-16 21:22:22.000,93,CANCELED,72,643.1,true
1717,2022-10-14 21:51:42.000,73,CANCELED,687,507.8,false
1719,2022-09-25 04:19:37.000,77,READY,997,793.7,false
1720,2022-05-24 20:32:57.000,8,IN_PROGRESS,214,136.2,true
1727,2022-05-03 00:59:53.000,3,IN_PROGRESS,155,97.6,false
1729,2022-10-15 14:58:41.000,13,READY,873,276.9,true
1731,2022-06-11 13:27:13.000,29,PENDING,727,743.6,true
1732,2022-06-03 04:28:56.000,67,CANCELED,445,496.0,false
1734,2022-11-04 15:32:13.000,33,IN_PROGRESS,22,337.3,true
1737,2021-12-16 10:04:25.000,75,PICKED_UP,375,497.9,true
1739,2022-03-16 19:48:31.000,37,READY,787,95.3,false
1741,2022-05-16 20:03:48.000,32,PICKED_UP,935,554.6,true
1745,2022-05-16 18:24:03.000,67,READY,252,586.9,true
1756,2022-02-01 14:46:21.000,21,PENDING,199,770.9,true
1762,2022-04-24 08:44:13.000,53,PICKED_UP,802,588.0,true
1770,2022-10-09 07:23:51.000,86,CANCELED,41,610.6,true
1777,2022-08-21 00:33:50.000,64,COMPLETED,107,785.2,true
1778,2022-06-05 08:05:57.000,61,IN_PROGRESS,554,551.8,true
1786,2022-07-23 05:25:54.000,33,COMPLETED,35,723.0,true
1789,2022-05-13 19:34:42.000,81,CANCELED,672,135.4,true
1796,2022-02-05 20:56:02.000,79,IN_PROGRESS,826,652.7,false
1798,2021-12-20 03:11:53.000,40,CANCELED,592,822.9,false
1803,2021-12-01 00:04:37.000,91,PENDING,956,623.1,false
1810,2022-02-13 01:15:37.000,16,PICKED_UP,653,708.6,true
1812,2022-07-21 08:33:12.000,55,PICKED_UP,33,271.7,true
1818,2022-02-04 21:47:06.000,77,PICKED_UP,219,59.9,true
1819,2022-08-30 22:57:36.000,21,CANCELED,833,839.1,false
1822,2022-03-13 10:21:41.000,11,IN_PROGRESS,809,848.5,false
1826,2022-08-03 20:34:57.000,71,PICKED_UP,384,380.8,false
1849,2022-07-03 12:53:57.000,83,PICKED_UP,518,965.7,true
1876,2022-02-24 05:38:22.000,75,PICKED_UP,148,264.9,false
1882,2022-06-01 22:58:16.000,33,COMPLETED,925,428.8,true
1891,2022-05-08 03:47:48.000,78,IN_PROGRESS,733,905.2,false
1901,2022-10-19 01:59:51.000,94,READY,63,440.1,true
1920,2022-01-09 14:10:52.000,15,READY,45,456.6,true
1921,2022-10-28 01:33:31.000,5,READY,7,179.5,false
1927,2022-04-05 06:07:57.000,30,IN_PROGRESS,897,143.5,true
1937,2022-06-30 16:59:35.000,72,IN_PROGRESS,344,391.5,false
1939,2022-03-20 06:39:43.000,85,READY,557,821.5,true
1950,2022-09-02 00:18:56.000,100,IN_PROGRESS,282,276.3,false
1954,2022-07-24 18:28:49.000,32,IN_PROGRESS,920,134.7,false
1962,2022-10-15 04:26:31.000,41,READY,796,406.6,false
1965,2022-09-14 09:22:47.000,30,COMPLETED,385,425.8,true
1987,2022-08-25 04:20:39.000,18,PENDING,318,647.5,false
1990,2022-09-03 22:17:23.000,37,READY,772,874.6,false
1993,2022-02-23 05:20:11.000,17,COMPLETED,684,925.1,true
1995,2021-11-27 02:51:49.000,54,COMPLETED,160,479.8,true
2000,2022-05-26 06:24:13.000,80,READY,146,626.7,false
2005,2022-01-25 07:47:30.000,49,PICKED_UP,466,509.9,true
2012,2022-11-04 05:12:34.000,97,PICKED_UP,467,436.3,false
2017,2022-02-19 02:05:07.000,14,CANCELED,94,944.4,false
2023,2022-08-19 14:08:28.000,81,PENDING,399,472.8,false
2024,2022-02-03 11:59:52.000,7,COMPLETED,85,988.7,false
2030,2022-09-20 11:31:32.000,47,READY,644,898.4,false
2032,2022-08-11 05:34:41.000,62,PENDING,46,163.5,true
2038,2022-04-28 21:53:24.000,90,CANCELED,598,356.8,true
2043,2022-06-26 14:34:15.000,73,IN_PROGRESS,100,117.3,true
2059,2022-08-28 09:33:28.000,52,PICKED_UP,572,280.9,false
2067,2022-07-03 22:34:41.000,37,IN_PROGRESS,258,692.0,true
2073,2022-05-20 18:09:16.000,3,PICKED_UP,555,52.4,false
2084,2022-11-15 13:35:29.000,5,PENDING,536,907.4,true
2085,2022-11-20 07:38:19.000,82,READY,283,443.4,true
2106,2022-08-23 02:28:36.000,66,PICKED_UP,858,986.9,true
2115,2022-07-12 16:48:30.000,24,CANCELED,300,82.9,true
2120,2022-03-12 17:00:52.000,84,READY,150,817.9,true
2124,2022-04-21 22:57:41.000,97,PICKED_UP,156,461.0,true
2126,2022-10-15 11:44:03.000,81,PENDING,440,411.9,false
2136,2022-01-23 00:02:31.000,6,CANCELED,109,618.1,true
2138,2022-08-07 20:52:15.000,86,PENDING,506,137.4,false
2140,2022-02-20 22:53:37.000,21,IN_PROGRESS,201,429.6,true
2149,2022-10-08 23:03:21.000,57,CANCELED,866,347.0,true
2150,2022-03-04 18:16:34.000,54,PENDING,173,435.6,true
2155,2022-09-24 10:21:10.000,76,PICKED_UP,74,416.3,false
2161,2022-03-01 18:04:02.000,77,PENDING,705,105.7,false
2162,2021-12-05 05:27:37.000,95,READY,677,164.7,true
2166,2022-06-10 21:52:12.000,90,READY,825,578.5,false
2201,2022-10-09 06:45:23.000,56,IN_PROGRESS,911,794.3,true
2202,2022-11-11 21:56:25.000,56,CANCELED,477,592.6,true
2214,2022-07-03 01:35:45.000,91,READY,157,507.0,false
2246,2022-09-10 00:44:00.000,35,CANCELED,439,248.6,true
2274,2022-07-25 15:59:27.000,81,CANCELED,863,990.2,true
2275,2022-01-20 00:20:01.000,54,READY,229,582.2,false
2295,2022-01-21 11:27:14.000,65,PENDING,569,110.9,false
2318,2022-06-21 00:25:26.000,82,IN_PROGRESS,168,531.4,true
2332,2022-04-08 22:58:58.000,16,PENDING,264,279.7,true
2336,2022-11-05 01:50:21.000,92,CANCELED,671,817.6,true
2356,2022-04-03 18:40:55.000,43,READY,443,679.6,false
2369,2021-12-11 21:23:17.000,63,PICKED_UP,880,727.5,true
2371,2022-11-11 09:44:03.000,94,IN_PROGRESS,463,771.2,true
2376,2022-01-20 16:26:12.000,17,CANCELED,188,789.8,false
2381,2021-12-28 16:23:42.000,16,COMPLETED,698,768.1,true
2389,2022-01-14 11:39:40.000,45,PENDING,178,467.3,true
2390,2022-10-07 01:28:00.000,10,IN_PROGRESS,1000,312.6,true
2394,2022-06-13 04:15:19.000,19,IN_PROGRESS,795,144.3,true
2400,2021-11-24 08:13:10.000,42,COMPLETED,966,164.2,false
2412,2022-08-20 23:01:32.000,7,IN_PROGRESS,889,784.1,false
2420,2022-01-14 11:23:10.000,4,CANCELED,800,126.5,false
2430,2022-08-12 22:49:36.000,90,COMPLETED,427,327.1,false
2434,2021-12-11 16:02:05.000,15,CANCELED,468,636.5,false
2435,2022-11-15 00:53:03.000,11,IN_PROGRESS,497,661.9,false
2439,2022-11-13 08:50:41.000,9,READY,737,581.4,true
2494,2022-01-24 14:37:22.000,64,READY,723,198.8,false
2507,2022-05-28 13:30:02.000,19,READY,404,171.9,true
2513,2021-12-28 14:26:02.000,74,CANCELED,64,571.4,false
2517,2022-05-08 07:49:34.000,68,IN_PROGRESS,275,814.3,true
2548,2022-07-21 20:05:13.000,41,PICKED_UP,125,962.1,false
2551,2022-04-30 07:06:47.000,58,READY,44,544.1,false
2561,2022-05-27 18:57:57.000,76,COMPLETED,92,247.2,true
2585,2021-12-08 17:12:29.000,79,IN_PROGRESS,645,407.1,false
2594,2022-04-30 20:31:58.000,25,COMPLETED,169,359.8,false
2607,2021-12-21 06:59:50.000,49,IN_PROGRESS,53,398.8,false
2609,2022-09-14 13:08:21.000,63,CANCELED,482,926.7,false
2618,2022-04-12 00:40:01.000,83,READY,532,158.4,false
2653,2022-11-07 06:23:17.000,18,PICKED_UP,130,517.1,false
2666,2021-12-11 13:58:44.000,37,IN_PROGRESS,270,650.3,true
2668,2022-01-09 16:50:27.000,12,PICKED_UP,151,978.0,false
2716,2022-04-27 10:10:11.000,72,PENDING,430,498.0,false
2719,2022-08-05 12:54:08.000,98,CANCELED,79,124.8,false
2761,2022-04-18 02:42:31.000,57,PENDING,573,271.9,false
2781,2022-07-31 20:48:41.000,20,CANCELED,981,519.5,false
2792,2022-01-11 01:35:47.000,74,READY,220,681.9,true
2812,2022-02-02 23:58:00.000,71,PENDING,930,500.1,false
2825,2022-05-17 06:02:18.000,9,CANCELED,4,697.1,true
2834,2022-03-11 21:59:36.000,94,COMPLETED,54,386.4,true
2836,2021-12-20 02:48:04.000,72,IN_PROGRESS,600,276.0,false
2837,2021-12-14 00:21:01.000,97,CANCELED,822,868.7,true
2845,2022-03-25 13:17:36.000,23,READY,752,185.3,true
2906,2022-01-15 21:59:37.000,22,PICKED_UP,747,373.4,false
2907,2022-04-18 05:52:20.000,2,READY,884,354.5,true
2910,2022-04-29 14:16:35.000,6,READY,917,280.0,false
2917,2022-10-02 16:49:18.000,89,READY,621,551.1,true
2954,2022-10-30 05:24:13.000,61,READY,883,254.5,false
2963,2022-01-14 02:06:12.000,25,PICKED_UP,841,355.8,false
